	광역시도	시도	20-39세여자	20-39세합계	65세이상합계	인구수남자	인구수여자	인구수합계	소멸비율	소멸위기지역	ID	x	y	여성비	2030여성비
0	강원도	강릉시	23098	49384	37679	106231	107615	213846	1.226041031	0	강릉	11	3	0.323597355	-3.227766078
1	강원도	고성군	2529	7023	7151	15899	14215	30114	0.707313662	1	고성(강원)	10	0	-2.796041708	-13.98974797
2	강원도	동해시	9753	21264	15124	47166	46131	93297	1.289738165	0	동해	11	4	-0.554680215	-4.133747178
3	강원도	삼척시	7115	15823	14610	35253	34346	69599	0.973990418	1	삼척	11	5	-0.651589822	-5.03381154
4	강원도	속초시	8752	18708	12752	40288	41505	81793	1.372647428	0	속초	10	1	0.743951194	-3.217874706
5	강원도	양구군	2481	6849	4108	12918	11092	24010	1.20788705	0	양구	9	0	-3.802582257	-13.77573368
6	강원도	양양군	2171	5087	6981	13838	13380	27218	0.621973929	1	양양	10	2	-0.841354986	-7.322586986
7	강원도	영월군	3134	7159	9915	20652	19421	40073	0.632173475	1	영월	10	7	-1.535946897	-6.222936164
8	강원도	원주시	43164	88919	42246	167854	170125	337979	2.043459736	0	원주	10	5	0.335967619	-1.45694396
9	강원도	인제군	3449	8961	5602	17677	15043	32720	1.231345948	0	인제	8	1	-4.025061125	-11.51099208
10	강원도	정선군	3297	7435	9008	19975	18743	38718	0.732015986	1	정선	10	3	-1.59099127	-5.655682582
11	강원도	철원군	4714	12632	9112	25429	22584	48013	1.034679543	0	철원	7	0	-2.962739258	-12.68207726
12	강원도	춘천시	35422	72595	41699	138251	142456	280707	1.698937624	0	춘천	9	1	0.749001628	-1.206005923
13	강원도	태백시	4643	9976	9266	23899	23171	47070	1.002158429	0	태백	10	4	-0.773316337	-3.45829992
14	강원도	평창군	3585	7962	9837	22126	21192	43318	0.728880756	1	평창	10	6	-1.07807378	-4.973624717
15	강원도	홍천군	6258	14158	14933	35738	34338	70076	0.838143709	1	홍천	8	2	-0.998915463	-5.798841644
16	강원도	화천군	2643	8040	4806	14554	11710	26264	1.099875156	0	화천	8	0	-5.414255254	-17.12686567
17	강원도	횡성군	3789	8301	11323	23398	22593	45991	0.669257264	1	횡성	9	2	-0.875171229	-4.354897
18	경기도	가평군	5771	12795	13569	31981	30467	62448	0.850615373	1	가평	7	3	-1.212208558	-4.896443923
19	경기도	과천시	8315	16897	7735	31013	32765	63778	2.149967679	0	과천	8	7	1.373514378	-0.790081079
20	경기도	광명시	47807	97316	36549	168241	171243	339484	2.616049687	0	광명	4	4	0.442141603	-0.874470796
21	경기도	광주시	45073	94763	35203	168345	159378	327723	2.560747664	0	광주	9	7	-1.368076089	-2.436077372
22	경기도	구리시	26941	54673	20623	96397	97366	193763	2.61271396	0	구리	8	3	0.250047739	-0.723391802
23	경기도	군포시	41049	84232	28530	141647	143243	284890	2.877602524	0	군포	5	9	0.280108112	-1.266739481
24	경기도	권선구	56279	116570	30924	180766	177627	358393	3.639826672	0	수원 권선	5	10	-0.43792708	-1.720854422
25	경기도	기흥구	58658	115524	42832	206316	210847	417163	2.738980202	0	용인 기흥	8	9	0.543073091	0.775596413
26	경기도	김포시	49660	99581	40505	182597	180846	363443	2.452042958	0	김포	4	3	-0.240890594	-0.131049096
27	경기도	남양주시	86835	174251	75986	330749	331405	662154	2.285552602	0	남양주	7	2	0.049535304	-0.166713534
28	경기도	단원구	43619	93239	24530	161915	152087	314002	3.556379943	0	안산 단원	3	8	-1.564958185	-3.218073982
29	경기도	덕양구	61556	124693	54412	221496	224737	446233	2.262589135	0	고양 덕양	3	2	0.363151089	-0.633956998
30	경기도	동두천시	11634	24201	16172	48970	49307	98277	1.438783082	0	동두천	4	1	0.171454155	-1.927606297
31	경기도	동안구	49730	100976	31371	170166	174895	345061	3.170444041	0	안양 동안	3	5	0.68524116	-0.750673427
32	경기도	만안구	36093	75611	30304	126793	125560	252353	2.382061774	0	안양 만안	3	4	-0.244300642	-2.264882094
33	경기도	분당구	77174	149581	50863	244502	259328	503830	3.034583096	0	성남 분당	7	8	1.471329615	1.59345104
34	경기도	상록구	53671	113973	32620	191479	184378	375857	3.290680564	0	안산 상록	3	7	-0.94464118	-2.909022312
35	경기도	소사구	41744.33333	86095.33333	28739.33333	141700.3333	142093	283793.3333	2.905031432	0	부천 소사	2	4	0.069181799	-1.513825759
36	경기도	수정구	33210	70947	30078	118343	114498	232841	2.208258528	0	성남 수정	8	8	-0.825670737	-3.190409742
37	경기도	수지구	47997	92598	38388	170217	177616	347833	2.500625195	0	용인 수지	9	8	1.063585111	1.83373291
38	경기도	시흥시	53502	116371	31650	211392	191496	402888	3.380853081	0	시흥	3	6	-2.469172574	-4.024628129
39	경기도	안성시	22206	47656	26606	93389	89507	182896	1.669247538	0	안성	4	10	-1.061258857	-3.403558838
40	경기도	양주시	24392	50529	26708	104235	101278	205513	1.826568818	0	양주	3	1	-0.719419209	-1.726731184
41	경기도	양평군	10611	22599	23614	56285	55082	111367	0.898704159	1	양평	9	4	-0.540106136	-3.046594982
42	경기도	여주시	12220	25849	19778	56445	55118	111563	1.235716453	0	여주	9	5	-0.594731228	-2.725443924
43	경기도	연천군	4411	10946	10162	24090	21817	45907	0.868136194	1	연천	5	1	-2.475657307	-9.70217431
44	경기도	영통구	56425	115702	19142	171452	169202	340654	5.895413227	0	수원 영통	7	9	-0.330247113	-1.232476535
45	경기도	오산시	31887	67261	16015	107056	101600	208656	3.982141742	0	오산	3	10	-1.307415076	-2.592141062
46	경기도	오정구	41744.33333	86095.33333	28739.33333	141700.3333	142093	283793.3333	2.905031432	0	부천 오정	2	6	0.069181799	-1.513825759
47	경기도	원미구	41744.33333	86095.33333	28739.33333	141700.3333	142093	283793.3333	2.905031432	0	부천 원미	2	5	0.069181799	-1.513825759
48	경기도	의왕시	21551	44876	16912	78304	78459	156763	2.548604541	0	의왕	6	9	0.049437686	-1.976557625
49	경기도	의정부시	58697	119573	55396	216400	222057	438457	2.11917828	0	의정부	7	1	0.645103169	-0.911158874
50	경기도	이천시	28026	58577	25380	107044	103315	210359	2.208510638	0	이천	9	6	-0.88634192	-2.15528279
51	경기도	일산동구	42571	83700	29216	142947	149665	292612	2.914225082	0	고양 일산동	4	2	1.147936517	0.861409797
52	경기도	일산서구	40893	80350	30464	146480	154359	300839	2.684676996	0	고양 일산서	3	3	1.309504419	0.893590541
53	경기도	장안구	41481	87219	30116	148987	147492	296479	2.754748307	0	수원 장안	6	10	-0.252125783	-2.440408627
54	경기도	중원구	34005	71507	28803	120529	117380	237909	2.361212374	0	성남 중원	7	7	-0.661807666	-2.445215154
55	경기도	처인구	29243	62054	27748	115841	110289	226130	2.107755514	0	용인 처인	9	9	-1.227612435	-2.874915396
56	경기도	파주시	57352	120511	51980	218565	212216	430781	2.206694883	0	파주	2	3	-0.736917366	-2.40932363
57	경기도	팔달구	29276	61449	23810	99947	98568	198515	2.459134817	0	수원 팔달	6	11	-0.347328917	-2.357239337
58	경기도	평택시	62672	134045	53090	240345	230487	470832	2.360971934	0	평택	4	11	-1.046870221	-3.245551867
59	경기도	포천시	16384	36354	24292	81291	73472	154763	1.348921456	0	포천	6	1	-2.526120584	-4.932056995
60	경기도	하남시	30193	61832	23306	106472	104629	211101	2.591006608	0	하남	9	3	-0.436520907	-1.169297451
61	경기도	화성시	93228	193529	52875	330923	309967	640890	3.52635461	0	화성	3	9	-1.634913948	-1.827374709
62	경상남도	거제시	34744	77489	20932	135738	121445	257183	3.319701892	0	거제	8	22	-2.778760649	-5.16266825
63	경상남도	거창군	5609	12133	15591	30746	32562	63308	0.71951767	1	거창	6	16	1.434257914	-3.770707986
64	경상남도	고성군	4486	10345	14462	27452	27251	54703	0.620384456	1	고성(경남)	7	22	-0.183719357	-6.636056066
65	경상남도	김해시	68849	143089	47975	267513	261909	529422	2.870203231	0	김해	9	20	-0.529256434	-1.883792605
66	경상남도	남해군	2932	6647	15692	21566	23563	45129	0.373693602	1	남해	6	22	2.212546256	-5.889875132
67	경상남도	마산합포구	21300	46336	30525	90716	91081	181797	1.395577396	0	창원 합포	8	19	0.100386695	-4.031422652
68	경상남도	마산회원구	25803	55452	26727	106469	104322	210791	1.930856437	0	창원 회원	7	21	-0.509272218	-3.467864099
69	경상남도	밀양시	9647	21371	25611	52992	55362	108354	0.753348171	1	밀양	8	17	1.093637521	-4.859388891
70	경상남도	사천시	11922	26503	21502	57698	57214	114912	1.1089201	0	사천	6	21	-0.210595934	-5.016413236
71	경상남도	산청군	2461	5561	11638	17666	18432	36098	0.422924901	1	산청	5	19	1.061000609	-5.745369538
72	경상남도	성산구	32213	69577	13543	118468	113103	231571	4.757143912	0	창원 성산	7	20	-1.158392027	-3.701654282
73	경상남도	양산시	42205	87851	35131	159503	157534	317037	2.402721243	0	양산	7	19	-0.310531578	-1.958429614
74	경상남도	의령군	2069	4507	9450	13562	14549	28111	0.437883598	1	의령	7	18	1.755540536	-4.093632128
75	경상남도	의창구	33514	72756	24846	128719	123716	252435	2.697738066	0	창원 의창	6	20	-0.990948165	-3.936445104
76	경상남도	진주시	42443	89705	49318	171855	174884	346739	1.721197129	0	진주	6	18	0.436783863	-2.68602642
77	경상남도	진해구	24315	52170	21567	95701	91612	187313	2.254833774	0	창원 진해	8	20	-1.091488578	-3.392754457
78	경상남도	창녕군	5291	12172	17149	31735	32247	63982	0.617062219	1	창녕	7	17	0.400112532	-6.531383503
79	경상남도	통영시	15478	33197	20895	69769	68391	138160	1.481502752	0	통영	8	21	-0.498697163	-3.375304997
80	경상남도	하동군	3779	8574	14514	24463	25159	49622	0.520738597	1	하동	5	20	0.701301842	-5.9248892
81	경상남도	함안군	6747	14482	13964	34819	34118	68937	0.966342022	1	함안	6	19	-0.508435238	-3.411131059
82	경상남도	함양군	3022	6520	12274	19244	20997	40241	0.492423008	1	함양	6	17	2.178126786	-3.650306748
83	경상남도	합천군	3180	7178	16972	22825	25201	48026	0.374734857	1	합천	7	16	2.473660101	-5.697966007
84	경상북도	경산시	33298	71899	36375	130060	127977	258037	1.830817869	0	경산	11	12	-0.403624286	-3.68781207
85	경상북도	경주시	26564	58774	48789	129944	129508	259452	1.088933981	0	경주	12	12	-0.084023249	-4.803144247
86	경상북도	고령군	2789	6241	8889	17485	16772	34257	0.627517156	1	고령	9	13	-1.040663222	-5.311648774
87	경상북도	구미시	63332	134262	31554	214600	205291	419891	4.014197883	0	구미	10	10	-1.108501968	-2.829542238
88	경상북도	군위군	1566	3578	8670	12156	12015	24171	0.361245675	1	군위	10	11	-0.291671838	-6.232532141
89	경상북도	김천시	15254	33261	28488	71201	71055	142256	1.070907049	0	김천	9	11	-0.051315937	-4.138480503
90	경상북도	남구	28472	63040	31515	125811	118937	244748	1.80688561	0	포항 남구	12	11	-1.404301567	-4.835025381
91	경상북도	문경시	6467	14007	19285	36537	38165	74702	0.670676692	1	문경	10	8	1.089662927	-3.830227743
92	경상북도	봉화군	2271	5122	10706	16667	16872	33539	0.424248085	1	봉화	11	8	0.305614359	-5.66185084
93	경상북도	북구	31791	67836	36781	135294	136733	272027	1.728664256	0	포항 북구	12	10	0.264495804	-3.135503273
94	경상북도	상주시	8158	18194	27769	49824	51975	101799	0.587561669	1	상주	8	11	1.056493679	-5.161042102
95	경상북도	성주군	3660	8345	12398	23166	22039	45205	0.590417809	1	성주	11	13	-1.246543524	-6.141402037
96	경상북도	안동시	17781	37608	34672	83341	85457	168798	1.025669128	0	안동	10	9	0.626784678	-2.720165922
97	경상북도	영덕군	2758	6114	12897	18607	20445	39052	0.427696363	1	영덕	11	7	2.35327256	-4.89041544
98	경상북도	영양군	1192	2654	5878	8724	8989	17713	0.405580129	1	영양	11	9	0.748038164	-5.086661643
99	경상북도	영주시	9630	21466	24577	54245	55002	109247	0.783659519	1	영주	9	10	0.346462603	-5.138358334
100	경상북도	영천시	8980	20301	25063	50644	49877	100521	0.716594183	1	영천	10	12	-0.381512321	-5.765725826
101	경상북도	예천군	3494	7700	15043	22663	23503	46166	0.464535	1	예천	8	10	0.90976043	-4.623376623
102	경상북도	울릉군	863	2115	2154	5430	4571	10001	0.801299907	1	울릉	13	8	-4.294570543	-9.196217494
103	경상북도	울진군	4498	10189	12665	25847	25891	51738	0.710303987	1	울진	11	6	0.042521937	-5.854352733
104	경상북도	의성군	3326	7716	19896	26334	27680	54014	0.334338561	1	의성	11	11	1.245973266	-6.894764126
105	경상북도	청도군	3037	6860	14274	21278	22286	43564	0.425528934	1	청도	10	13	1.156918557	-5.728862974
106	경상북도	청송군	1756	4164	8600	13008	13293	26301	0.408372093	1	청송	11	10	0.541804494	-7.829010567
107	경상북도	칠곡군	16831	36450	15479	64002	59197	123199	2.174688287	0	칠곡	9	12	-1.950096998	-3.82441701
108	광주광역시	광산구	57338	116495	32067	202480	200569	403049	3.576137462	0	광주 광산	2	21	-0.23706795	-0.780720203
109	광주광역시	남구	28859	58607	32184	106288	113441	219729	1.79337559	0	광주 남구	2	23	1.627686832	-0.758441824
110	광주광역시	동구	12008	25478	19413	47823	47968	95791	1.237109154	0	광주 동구	3	23	0.075685607	-2.869142005
111	광주광역시	북구	60644	126306	53694	219300	221766	441066	2.258874362	0	광주 북구	3	22	0.279549999	-1.986445616
112	광주광역시	서구	43352	87911	35214	152246	157333	309579	2.462202533	0	광주 서구	2	22	0.821599656	-0.686489745
113	대구광역시	남구	19722	41610	29974	76147	80286	156433	1.315940482	0	대구 남구	9	15	1.322930584	-2.602739726
114	대구광역시	달서구	77782	164114	62977	294121	297770	591891	2.47017165	0	대구 달서	8	16	0.308249323	-2.604896596
115	대구광역시	달성군	29407	62844	24215	111194	107074	218268	2.428825108	0	대구 달성	9	16	-0.943793868	-3.206352237
116	대구광역시	동구	44155	93937	55767	174663	176689	351352	1.583552997	0	대구 동구	10	15	0.288314852	-2.995092456
117	대구광역시	북구	56497	118892	51156	220247	220136	440383	2.208812261	0	대구 북구	8	14	-0.012602666	-2.480402382
118	대구광역시	서구	22923	51430	33038	100760	98747	199507	1.387674799	0	대구 서구	8	15	-0.504493577	-5.428738091
119	대구광역시	수성구	52594	108158	56431	218317	228694	447011	1.864010916	0	대구 수성	10	14	1.160709692	-1.372991364
120	대구광역시	중구	11124	22710	15343	38720	40992	79712	1.450042365	0	대구 중구	9	14	1.42513047	-1.017173052
121	대전광역시	대덕구	24229	52136	22783	97879	94809	192688	2.126936751	0	대전 대덕	5	13	-0.796624595	-3.527313181
122	대전광역시	동구	29621	63636	35763	118911	116048	234959	1.656516511	0	대전 동구	5	14	-0.609255232	-3.4524483
123	대전광역시	서구	72077	146089	49080	242044	248967	491011	2.937123064	0	대전 서구	4	16	0.704974023	-0.662267522
124	대전광역시	유성구	51790	107801	25474	173072	170150	343222	4.066106619	0	대전 유성	4	15	-0.425672014	-1.957774047
125	대전광역시	중구	32108	66013	38468	125383	127107	252490	1.669335552	0	대전 중구	5	15	0.341399659	-1.361095542
126	부산광역시	강서구	16329	34216	12348	56287	52622	108909	2.644800777	0	부산 강서	8	18	-1.682597398	-2.276712649
127	부산광역시	금정구	30945	65802	39482	120291	124333	244624	1.56754977	0	부산 금정	10	16	0.826165871	-2.972554026
128	부산광역시	기장군	21569	43592	21056	78373	80154	158527	2.048727204	0	부산 기장	12	16	0.561733963	-0.52073775
129	부산광역시	남구	34852	72464	45778	137096	141683	278779	1.522652803	0	부산 남구	11	19	0.822694679	-1.904393906
130	부산광역시	동구	9778	21217	20334	44516	45310	89826	0.961738959	1	부산 동구	10	18	0.441965578	-3.914313993
131	부산광역시	동래구	34291	71076	40349	133890	138855	272745	1.699719943	0	부산 동래	11	16	0.910190838	-1.754460015
132	부산광역시	부산진구	52863	107863	60541	184213	192313	376526	1.746353711	0	부산 부산진	10	17	1.075622932	-0.990608457
133	부산광역시	북구	40630	85531	38522	154276	155926	310202	2.109443954	0	부산 북구	9	17	0.265955732	-2.496755562
134	부산광역시	사상구	30196	65246	30561	118419	114381	232800	1.976113347	0	부산 사상	9	18	-0.867268041	-3.719768262
135	부산광역시	사하구	42333	90495	46778	167290	167313	334603	1.809953397	0	부산 사하	10	19	0.003436909	-3.220619924
136	부산광역시	서구	13204	27370	23906	55469	57504	112973	1.104659918	0	부산 서구	9	19	0.900657679	-1.757398612
137	부산광역시	수영구	25153	50404	30831	85573	93751	179324	1.631669424	0	부산 수영	11	20	2.280230198	-0.097214507
138	부산광역시	연제구	27040	55185	31832	101330	105938	207268	1.698919326	0	부산 연제	11	17	1.1116043	-1.001177856
139	부산광역시	영도구	13183	28800	27192	62596	63766	126362	0.969623419	1	부산 영도	10	20	0.462955635	-4.225694444
140	부산광역시	중구	5300	11234	9700	22174	23034	45208	1.092783505	0	부산 중구	11	18	0.951159087	-2.821790992
141	부산광역시	해운대구	53853	108220	56854	203814	216039	419853	1.89443135	0	부산 해운대	12	17	1.455866696	-0.237479209
142	서울특별시	강남구	94421	177897	61822	271604	295511	567115	3.054608392	0	서울 강남	6	8	2.107773556	3.076218261
143	서울특별시	강동구	65184	133231	53121	221118	223050	444168	2.454170667	0	서울 강동	8	5	0.217485276	-1.07444964
144	서울특별시	강북구	44053	90832	53964	160861	166334	327195	1.632681047	0	서울 강북	5	3	0.836351411	-1.500572485
145	서울특별시	강서구	96755	192884	70889	290478	305007	595485	2.729760612	0	서울 강서	4	6	1.219929973	0.162273698
146	서울특별시	관악구	91299	192261	66659	256143	250708	506851	2.739285018	0	서울 관악	5	7	-0.536153623	-2.512990154
147	서울특별시	광진구	61477	121258	41292	174797	182418	357215	2.97767122	0	서울 광진	7	6	1.066724522	0.699335302
148	서울특별시	구로구	63925	128841	55159	207667	209884	417551	2.317844776	0	서울 구로	4	9	0.265476553	-0.384582547
149	서울특별시	금천구	33146	71323	31976	119885	115501	235386	2.073179885	0	서울 금천	5	8	-0.931236352	-3.526912777
150	서울특별시	노원구	77491	156929	70819	276333	291248	567581	2.188424011	0	서울 노원	6	2	1.31390938	-0.620344232
151	서울특별시	도봉구	46810	96133	50466	171238	176982	348220	1.855110371	0	서울 도봉	5	2	0.824765953	-1.307043367
152	서울특별시	동대문구	52791	109441	53301	177640	177429	355069	1.980863398	0	서울 동대문	7	4	-0.029712535	-1.763050411
153	서울특별시	동작구	66487	133589	55052	196267	204730	400997	2.415425416	0	서울 동작	5	6	1.055244802	-0.230183623
154	서울특별시	마포구	66859	127897	48060	182162	197730	379892	2.782313774	0	서울 마포	5	5	2.049003401	2.27565932
155	서울특별시	서대문구	47754	95337	47303	152510	161684	314194	2.019068558	0	서울 서대문	5	4	1.459926033	0.089681865
156	서울특별시	서초구	71132	134071	50906	214673	232519	447192	2.794641103	0	서울 서초	6	7	1.995339809	3.055470609
157	서울특별시	성동구	47379	95682	39140	148326	150933	299259	2.421001533	0	서울 성동	7	5	0.435575872	-0.482849439
158	서울특별시	성북구	66069	131558	63878	219951	230404	450355	2.068599518	0	서울 성북	6	3	1.160528916	0.220435093
159	서울특별시	송파구	106049	206243	70918	320557	337274	657831	2.99074988	0	서울 송파	8	6	1.270615097	1.419442114
160	서울특별시	양천구	65336	131503	51957	236290	241449	477739	2.515002791	0	서울 양천	4	7	0.539939172	-0.315962373
161	서울특별시	영등포구	59868	120136	51186	185200	185413	370613	2.339233384	0	서울 영등포	4	8	0.028736175	-0.166477992
162	서울특별시	용산구	35249	69448	35547	111601	118640	230241	1.983233466	0	서울 용산	6	6	1.528615668	0.755961295
163	서울특별시	은평구	70822	141195	71304	239183	252293	491476	1.986480422	0	서울 은평	4	5	1.333737558	0.158999965
164	서울특별시	종로구	22111	44333	24950	75201	77536	152737	1.77242485	0	서울 종로	6	4	0.76438584	-0.125188911
165	서울특별시	중구	18837	38184	20388	62204	63045	125249	1.847851677	0	서울 중구	6	5	0.335731223	-0.667818982
166	서울특별시	중랑구	60154	123469	55842	204900	206105	411005	2.154435729	0	서울 중랑	8	4	0.146591891	-1.2800784
167	세종특별자치시	세종특별자치시	36648	72474	24197	121505	121543	243048	3.029135843	0	세종	4	13	0.007817386	0.567099925
168	울산광역시	남구	45562	98473	29400	173960	166754	340714	3.099455782	0	울산 남구	12	15	-1.057485164	-3.731479695
169	울산광역시	동구	23973	55245	14370	92144	82370	174514	3.336534447	0	울산 동구	12	14	-2.800348396	-6.606027695
170	울산광역시	북구	27298	58534	12985	101096	94189	195285	4.204543704	0	울산 북구	12	13	-1.768440996	-3.363856904
171	울산광역시	울주군	25605	55789	25931	112895	106360	219255	1.97485635	0	울산 울주	11	14	-1.490273882	-4.103855599
172	울산광역시	중구	31292	67807	26082	123702	118834	242536	2.39950924	0	울산 중구	11	15	-1.003562358	-3.851372277
173	인천광역시	강화군	5183	11724	19600	34170	33840	68010	0.528877551	1	인천 강화	1	5	-0.242611381	-5.791538724
174	인천광역시	계양구	48069	98958	29762	165301	164983	330284	3.230226463	0	인천 계양	2	7	-0.048140388	-1.424846905
175	인천광역시	남구	57113	122018	57437	210433	206670	417103	1.988718074	0	인천 남구	2	9	-0.451087621	-3.192971529
176	인천광역시	남동구	76870	157718	53961	264714	266268	530982	2.849094717	0	인천 남동	2	10	0.146332644	-1.261111604
177	인천광역시	동구	8463	17957	12639	35833	35181	71014	1.339188227	0	인천 동구	1	7	-0.45906441	-2.870746784
178	인천광역시	부평구	80691	165780	60940	273356	276360	549716	2.648211355	0	인천 부평	2	8	0.273231996	-1.32645675
179	인천광역시	서구	73493	150553	42719	258117	252616	510733	3.440764063	0	인천 서구	1	6	-0.538539707	-1.184632654
180	인천광역시	연수구	47035	95309	26893	163753	164874	328627	3.497936266	0	인천 연수	1	10	0.17055811	-0.649991082
181	인천광역시	옹진군	1739	5346	4567	12155	9196	21351	0.761550252	1	인천 옹진	0	10	-6.929417826	-17.47100636
182	인천광역시	중구	14731	31402	15737	59839	55410	115249	1.87214844	0	인천 중구	1	9	-1.921491727	-3.088975225
183	전라남도	강진군	3162	6630	11655	18127	19626	37753	0.542599743	1	강진	1	24	1.985272694	-2.307692308
184	전라남도	고흥군	4387	9582	25364	32556	35100	67656	0.345923356	1	고흥	5	22	1.880099326	-4.216238781
185	전라남도	곡성군	2321	5081	9912	14786	15614	30400	0.468321227	1	곡성	3	21	1.361842105	-4.320015745
186	전라남도	광양시	19307	41977	17026	80012	75568	155580	2.267943146	0	광양	5	21	-1.428204139	-4.005765062
187	전라남도	구례군	2157	4702	8250	13342	14070	27412	0.522909091	1	구례	4	20	1.327885598	-4.125903871
188	전라남도	나주시	11876	24969	23489	52528	51848	104376	1.01119673	0	나주	1	22	-0.325745382	-2.437021907
189	전라남도	담양군	4293	9210	13329	23723	23506	47229	0.644159352	1	담양	2	20	-0.229731733	-3.38762215
190	전라남도	목포시	29543	61828	32445	118474	119265	237739	1.821112652	0	목포	0	22	0.166358906	-2.217441936
191	전라남도	무안군	8880	18552	16175	41153	40956	82109	1.097990726	0	무안	1	21	-0.119962489	-2.13454075
192	전라남도	보성군	3273	7190	15269	21503	22966	44469	0.428711769	1	보성	3	24	1.644966156	-4.478442281
193	전라남도	순천시	34101	71228	37961	138959	139589	278548	1.796633387	0	순천	4	22	0.113086434	-2.124164654
194	전라남도	신안군	2925	7448	13811	22555	20097	42652	0.423575411	1	신안	0	21	-2.881459252	-10.72771214
195	전라남도	여수시	32787	71444	46632	146565	142423	288988	1.40620175	0	여수	4	23	-0.716638753	-4.108112648
196	전라남도	영광군	5077	11079	14773	27724	27894	55618	0.687335003	1	영광	1	19	0.152828221	-4.174564491
197	전라남도	영암군	5218	11928	13574	29253	27792	57045	0.768822749	1	영암	1	23	-1.280567973	-6.254191818
198	전라남도	완도군	4184	9485	15623	26285	26383	52668	0.535620559	1	완도	2	25	0.093035619	-5.888244597
199	전라남도	장성군	4202	9060	12546	23275	22829	46104	0.669854934	1	장성	2	19	-0.483689051	-3.620309051
200	전라남도	장흥군	3172	6994	12610	19670	20999	40669	0.503092784	1	장흥	2	24	1.633922644	-4.646840149
201	전라남도	진도군	2435	5438	10105	15701	16377	32078	0.481939634	1	진도	0	24	1.053681651	-5.222508275
202	전라남도	함평군	2529	5700	11302	17047	17350	34397	0.44753141	1	함평	1	20	0.440445388	-5.631578947
203	전라남도	해남군	6448	13346	21549	36538	38583	75121	0.598450044	1	해남	0	23	1.361137365	-1.685898397
204	전라남도	화순군	6342	13044	15516	32113	33190	65303	0.817478732	1	화순	4	21	0.824617552	-1.379944802
205	전라북도	고창군	4926	11017	17857	29927	30670	60597	0.551716414	1	고창	1	18	0.613066653	-5.287283289
206	전라북도	군산시	32329	69517	42810	140793	136758	277551	1.51034805	0	군산	2	16	-0.726893436	-3.494828603
207	전라북도	김제시	7493	16491	24850	43527	44255	87782	0.60305835	1	김제	3	17	0.414663598	-4.563095022
208	전라북도	남원시	7551	16010	20711	41341	42847	84188	0.729177732	1	남원	5	18	0.894426759	-2.83572767
209	전라북도	덕진구	38843	79876	36231	144270	145629	289899	2.144185918	0	전주 덕진	3	18	0.234391978	-1.370874856
210	전라북도	무주군	1906	4217	7527	12371	12578	24949	0.50644347	1	무주	5	16	0.414846286	-4.801991937
211	전라북도	부안군	4679	10411	16469	28268	28737	57005	0.568219078	1	부안	2	17	0.411367424	-5.05715109
212	전라북도	순창군	2577	5258	9193	14427	15522	29949	0.560643968	1	순창	3	20	1.828107783	-0.98896919
213	전라북도	완산구	48028	97772	45324	176778	185067	361845	2.119318683	0	전주 완산	3	19	1.145379928	-0.877551855
214	전라북도	완주군	10560	22480	18813	48950	46530	95480	1.12262797	0	완주	4	17	-1.267281106	-3.024911032
215	전라북도	익산시	35280	74968	48531	149740	150739	300479	1.453916054	0	익산	3	16	0.166234579	-2.939921033
216	전라북도	임실군	2354	5558	9552	15387	14810	30197	0.492881072	1	임실	4	19	-0.95539292	-7.64663548
217	전라북도	장수군	1902	4177	6974	11681	11947	23628	0.545454545	1	장수	5	17	0.562891485	-4.464926981
218	전라북도	정읍시	10614	22997	28228	57008	58165	115173	0.752019272	1	정읍	2	18	0.502287863	-3.846153846
219	전라북도	진안군	1998	4238	8133	13037	13032	26069	0.491331612	1	진안	4	18	-0.009589934	-2.85512034
220	제주특별자치도	서귀포시	18676	39298	30030	86568	84364	170932	1.243822844	0	서귀포	5	26	-0.644700817	-2.475952975
221	제주특별자치도	제주시	60255	124184	59159	235977	234688	470665	2.037052689	0	제주	5	25	-0.136933913	-1.479256587
222	충청남도	계룡시	5071	10317	3847	21148	21486	42634	2.636340005	0	계룡	4	14	0.396397242	-0.848114762
223	충청남도	공주시	10967	24195	24213	55221	54710	109931	0.905877008	1	공주	4	12	-0.232418517	-4.672452986
224	충청남도	금산군	4454	9902	14606	27558	27054	54612	0.609886348	1	금산	3	15	-0.461437047	-5.019188043
225	충청남도	논산시	11900	26011	28057	61724	61489	123213	0.848273158	1	논산	3	14	-0.095363314	-4.250124947
226	충청남도	당진시	19356	44326	27445	87388	79242	166630	1.410530151	0	당진	1	12	-2.444337754	-6.332626449
227	충청남도	동남구	35222	73245	30187	131135	127784	258919	2.333587306	0	천안 동남	2	11	-0.647113576	-1.91207591
228	충청남도	보령시	9590	21904	22968	52521	51352	103873	0.835074887	1	보령	2	13	-0.562706382	-6.218042367
229	충청남도	부여군	5348	12170	20772	34837	35350	70187	0.514923936	1	부여	2	14	0.365452292	-6.055875103
230	충청남도	서북구	57966	121489	26814	182987	176049	359036	4.323562318	0	천안 서북	3	11	-0.966198376	-2.287038333
231	충청남도	서산시	19196	42896	28030	87770	83018	170788	1.369675348	0	서산	1	13	-1.391198445	-5.249906751
232	충청남도	서천군	4142	9361	17584	27539	28473	56012	0.4711101	1	서천	2	15	0.833749911	-5.752590535
233	충청남도	아산시	42296	89939	35067	155692	147237	302929	2.412296461	0	아산	1	11	-1.39554153	-2.972570298
234	충청남도	예산군	6665	15115	22006	40827	40512	81339	0.605743888	1	예산	3	12	-0.19363405	-5.9047304
235	충청남도	청양군	2410	5617	10329	16389	16364	32753	0.466647304	1	청양	3	13	-0.038164443	-7.094534449
236	충청남도	태안군	5271	12227	16868	32260	31640	63900	0.624970358	1	태안	0	11	-0.48513302	-6.890488264
237	충청남도	홍성군	10428	22119	21315	49769	50202	99971	0.978465869	1	홍성	2	12	0.216562803	-2.855011529
238	충청북도	괴산군	2726	6332	11592	19773	19200	38973	0.470324362	1	괴산	8	12	-0.735124317	-6.948831333
239	충청북도	단양군	2289	5196	7897	15362	15141	30503	0.579713815	1	단양	7	11	-0.36225945	-5.946882217
240	충청북도	보은군	2498	5595	10187	17093	17128	34221	0.490428978	1	보은	8	13	0.05113819	-5.352993744
241	충청북도	상당구	21071	44430	23576	86804	86897	173701	1.787495758	0	청주 상당	6	14	0.026770139	-2.574836822
242	충청북도	서원구	29168	60978	24187	107866	109254	217120	2.411874147	0	청주 서원	7	14	0.319638909	-2.166355079
243	충청북도	영동군	4217	9586	13750	25248	25304	50552	0.613381818	1	영동	7	15	0.055388511	-6.008762779
244	충청북도	옥천군	4445	9818	13255	26251	26016	52267	0.670690306	1	옥천	6	15	-0.22480724	-4.726013445
245	충청북도	음성군	10179	22863	16906	51372	46415	97787	1.204187862	0	음성	5	11	-2.534590487	-5.47828369
246	충청북도	제천시	14279	30842	24131	68444	68073	136517	1.183456964	0	제천	7	10	-0.135880513	-3.702743013
247	충청북도	증평군	4554	10085	5323	19110	18198	37308	1.711065189	0	증평	6	13	-1.222257961	-4.843827467
248	충청북도	진천군	7622	17013	11306	36387	33563	69950	1.348310632	0	진천	5	12	-2.018584703	-5.198965497
249	충청북도	청원구	27805	60021	20331	97006	93807	190813	2.735231912	0	청주 청원	7	13	-0.838255255	-3.674547242
250	충청북도	충주시	22757	49357	34790	104877	103473	208350	1.308249497	0	충주	6	12	-0.336933045	-3.893064814
251	충청북도	흥덕구	37675	78608	23459	127647	125916	253563	3.211986871	0	청주 흥덕	7	12	-0.341335289	-2.072308162
