기기 이름:		HiTemp140	HiTemp140	HiTemp140	HiTemp140	HiTemp140	HiTemp140	HiTemp140	HiTemp140	HiTemp140	HiTemp140	HiTemp140	HiTemp140
기기 설명		온도 데이터 로거	온도 데이터 로거	온도 데이터 로거	온도 데이터 로거	온도 데이터 로거	온도 데이터 로거	온도 데이터 로거	온도 데이터 로거	온도 데이터 로거	온도 데이터 로거	온도 데이터 로거	온도 데이터 로거
일련 번호:		P86635	P86737	P86733	P86729	P86746	P86735	P86738	P86739	P86731	P86744	P86732	P86648
기기 ID:		MultiChannel	MultiChannel	MultiChannel	MultiChannel	MultiChannel	MultiChannel	MultiChannel	MultiChannel	MultiChannel	MultiChannel	MultiChannel	MultiChannel
													
		채널 1	채널 1	채널 1	채널 1	채널 1	채널 1	채널 1	채널 1	채널 1	채널 1	채널 1	채널 1
Date	Time	1	2	3	4	5	6	7	8	9	10	11	12
2022-07-19	pm 1:59:00	85.92	85.88	85.67	86.26	86.7	86.5	86.56	85.59	86.42	86.09	85.5	85.9
2022-07-19	pm 1:59:10	85.97	85.97	85.79	86.36	86.78	86.58	86.62	85.71	86.53	86.2	85.59	85.98
2022-07-19	pm 1:59:20	86.07	86.16	85.89	86.47	86.88	86.7	86.71	85.83	86.65	86.37	85.72	86.11
2022-07-19	pm 1:59:30	86.21	86.29	85.99	86.61	87	86.83	86.86	85.99	86.77	86.52	85.9	86.2
2022-07-19	pm 1:59:40	86.37	86.44	86.12	86.74	87.1	86.99	87	86.16	86.94	86.67	86.04	86.31
2022-07-19	pm 1:59:50	86.54	86.69	86.29	86.91	87.26	87.15	87.17	86.34	87.14	86.8	86.16	86.44
2022-07-19	pm 2:00:00	86.69	86.86	86.5	87.12	87.45	87.32	87.35	86.54	87.34	86.95	86.26	86.66
2022-07-19	pm 2:00:10	86.84	87	86.68	87.32	87.65	87.52	87.58	86.67	87.53	87.18	86.22	86.88
2022-07-19	pm 2:00:20	87.08	87.26	86.89	87.53	87.88	87.73	87.8	86.9	87.75	87.45	86.36	87.07
2022-07-19	pm 2:00:30	87.12	87.38	86.96	87.69	87.68	87.84	87.86	86.97	87.92	87.42	86.46	86.96
2022-07-19	pm 2:00:40	86.23	86.32	86.25	87.01	86.39	86.95	86.93	85.84	87.13	86.31	85.58	85.96
2022-07-19	pm 2:00:50	84.77	84.77	85.11	85.93	85	85.47	85.45	84.16	85.65	84.6	84.06	84.77
2022-07-19	pm 2:01:00	83.5	83.31	83.98	84.92	83.93	83.9	84	82.58	84.08	83.04	82.5	83.58
2022-07-19	pm 2:01:10	82.44	82.05	83.05	84.14	83.36	82.73	82.78	81.32	82.72	81.76	81.36	82.71
2022-07-19	pm 2:01:20	81.75	81.33	82.44	83.62	83	81.92	81.96	80.47	81.78	80.89	80.56	82.21
2022-07-19	pm 2:01:30	81.28	80.94	82.01	83.27	82.78	81.39	81.52	79.92	81.29	80.29	80.05	81.8
2022-07-19	pm 2:01:40	81	80.72	81.72	83.08	82.54	81.11	81.3	79.66	81.09	80	79.75	81.6
2022-07-19	pm 2:01:50	80.73	80.43	81.47	82.97	82.43	81.02	81.07	79.59	80.93	79.88	79.61	81.37
2022-07-19	pm 2:02:00	80.57	80.18	81.4	82.81	82.42	80.98	80.91	79.59	80.87	79.88	79.56	81.28
2022-07-19	pm 2:02:10	80.58	80.13	81.3	82.61	82.4	81.05	80.88	79.66	80.9	79.98	79.58	81.21
2022-07-19	pm 2:02:20	80.72	80.19	81.29	82.5	82.38	81.15	80.93	79.77	80.99	80.13	79.69	81.19
2022-07-19	pm 2:02:30	82.53	82.4	82.84	82.52	83.87	82.1	83.04	81.55	81.98	82.48	81.35	83.8
2022-07-19	pm 2:02:40	88.04	86.35	81.38	86.32	85.25	87.04	88.25	88.14	87.58	88.98	87.43	87.1
2022-07-19	pm 2:02:50	93.2	90.48	83.83	90.47	91.76	89.11	92.44	93.33	90.88	93.94	92.24	89
2022-07-19	pm 2:03:00	94.16	93.58	89.4	93.52	94.79	90.68	95.44	95.57	93.61	94.37	94.7	91.05
2022-07-19	pm 2:03:10	94.38	95.44	91.29	94.84	95.44	92.82	96.68	96.03	96.18	93.9	95.84	91.46
2022-07-19	pm 2:03:20	93.08	94.26	89.03	94.16	93.7	90.44	95.49	91.03	95.35	92.07	94.94	88.59
2022-07-19	pm 2:03:30	91.53	92.45	87.31	92.59	92.08	88.09	93.47	88.12	92.8	90.15	93.19	86.88
2022-07-19	pm 2:03:40	90.05	90.9	86.09	91.17	90.78	86.45	91.82	86.41	89.04	89.22	91.64	85.64
2022-07-19	pm 2:03:50	88.53	89.77	85.1	89.9	90	85.19	90.63	85.31	86.38	87.9	90.28	84.85
2022-07-19	pm 2:04:00	86.93	88.84	84.24	89.06	89.31	84.25	89.81	84.62	84.71	86.58	88.99	84.06
2022-07-19	pm 2:04:10	85.65	88.35	83.47	88.43	88.79	83.42	89.3	83.51	83.72	85.83	88.15	83.14
2022-07-19	pm 2:04:20	84.06	87.87	82.65	87.64	88.28	82.6	88.85	82.69	82.78	84.67	87.57	82.39
2022-07-19	pm 2:04:30	83.2	87.56	82.08	87.88	87.76	82.07	88.55	82.26	82.24	83.75	87.01	81.98
2022-07-19	pm 2:04:40	82.56	87.3	81.73	87.97	86.48	81.74	88.29	81.9	81.86	83.03	86.72	81.65
2022-07-19	pm 2:04:50	82.06	86.95	81.32	88.47	85.39	81.34	88.05	81.72	81.53	82.35	86.49	81.21
2022-07-19	pm 2:05:00	79.1	85.7	77.41	87.94	82.98	77.79	87.03	77.87	79.05	79.75	85.6	76.35
2022-07-19	pm 2:05:10	74.92	83.25	70.63	86.32	81.65	70.91	85.18	71.61	73.58	76.9	83.96	69.6
2022-07-19	pm 2:05:20	76.47	82.46	74.58	85.95	84.34	72.69	85.13	74.95	73.41	78.22	81.9	76.82
2022-07-19	pm 2:05:30	83.75	85.94	83.19	88.05	87.75	82.53	87.98	83.96	81.93	84.69	84.83	85.15
2022-07-19	pm 2:05:40	89.3	90.28	89.12	90.21	91.86	88.79	90.73	89.63	88.23	89.92	89.22	90.37
2022-07-19	pm 2:05:50	93.15	93.77	93.07	93.19	94.95	92.82	93.41	93.37	92.41	93.55	92.83	93.91
2022-07-19	pm 2:06:00	96.12	96.54	96.06	95.88	97.58	95.81	95.98	96.24	95.46	96.42	95.76	96.7
2022-07-19	pm 2:06:10	98.65	99	98.6	98.25	99.91	98.37	98.41	98.74	98.05	98.91	98.3	99.15
2022-07-19	pm 2:06:20	99.86	100.51	99.97	100.12	99.48	100.4	99.89	100.4	100.1	99.84	99.73	99.71
2022-07-19	pm 2:06:30	96.57	98.3	96.75	98.27	96.57	97.22	99.05	96.54	97.53	96.16	97.28	95.7
2022-07-19	pm 2:06:40	92.7	95.25	92.83	95.53	95.14	93.13	97.31	92.49	93.66	92.34	95.5	91.78
2022-07-19	pm 2:06:50	89.53	92.63	89.31	94.01	93.38	89.52	95.5	88.97	90.28	89.67	93.67	88.41
2022-07-19	pm 2:07:00	87.02	91.13	86.32	92.58	91.97	86.44	93.74	86.02	88.38	87.72	91.84	85.61
2022-07-19	pm 2:07:10	84.63	89.83	83.79	91.26	90.78	83.84	92.18	83.71	87.11	86.43	90.25	83.22
2022-07-19	pm 2:07:20	82.85	88.83	81.84	90.13	89.99	81.89	90.89	82.27	86.02	85.72	89.07	81.29
2022-07-19	pm 2:07:30	82.49	88.13	80.39	89.25	89.39	80.46	89.9	80.93	85.2	85.15	88.13	79.71
2022-07-19	pm 2:07:40	82.27	87.64	79.25	88.66	89	79.33	89.18	80.12	84.72	84.62	87.38	78.44
2022-07-19	pm 2:07:50	82.3	87.24	78.25	88.31	88.93	78.3	88.69	79.9	84.48	84.26	86.82	77.44
2022-07-19	pm 2:08:00	82.42	86.97	77.49	88.16	88.99	77.81	88.37	80.39	84.36	84.1	86.43	76.7
2022-07-19	pm 2:08:10	82.65	86.79	76.92	88.11	89.13	78.55	88.22	80.85	84.23	84.13	86.15	76.16
2022-07-19	pm 2:08:20	82.94	86.75	76.65	88.1	89.37	79.07	88.15	81.14	84.22	84.21	85.97	75.77
2022-07-19	pm 2:08:30	83.24	86.78	76.71	88.18	89.59	79.37	88.13	81.34	84.23	84.35	85.83	75.45
2022-07-19	pm 2:08:40	83.59	86.86	76.83	88.27	89.84	79.58	88.15	81.29	84.22	84.47	85.78	75.23
2022-07-19	pm 2:08:50	83.89	87.06	76.76	88.3	90.2	79.99	88.25	81.32	84.29	84.61	85.85	75.07
2022-07-19	pm 2:09:00	84.21	87.29	76.73	88.38	90.56	80.24	88.39	81.28	84.2	84.78	85.91	75.28
2022-07-19	pm 2:09:10	83.99	87	75.72	88.32	89.72	80.37	88.08	80.93	84.03	84.33	85.65	72.61
2022-07-19	pm 2:09:20	82.94	85.53	72.52	87.33	89.21	78.69	87.13	78.77	82.35	83.12	84.74	72.13
2022-07-19	pm 2:09:30	84.95	88.3	79.48	88.65	91.5	80.62	89.45	80.76	84.09	84.94	86.36	81.38
2022-07-19	pm 2:09:40	87.86	91.88	86.52	90.37	93.73	86.27	92.4	87.16	87.64	88.17	88.98	88.07
2022-07-19	pm 2:09:50	91.94	94.36	91.57	92.11	95.34	91.3	94.54	91.97	91.19	92.35	91.92	92.64
2022-07-19	pm 2:10:00	95.31	96.74	95.16	94.85	97.11	94.92	96.51	95.41	94.64	95.64	95.01	95.91
2022-07-19	pm 2:10:10	97.96	98.61	97.87	97.46	99.24	97.66	98.44	98.04	97.41	98.2	97.64	98.42
2022-07-19	pm 2:10:20	100.05	100.56	100	99.62	101.11	99.82	100.32	100.11	99.64	100.25	99.78	100.44
2022-07-19	pm 2:10:30	101.94	102.27	101.88	101.52	102.91	101.69	102.03	101.97	101.52	102.11	101.67	102.29
2022-07-19	pm 2:10:40	103.68	103.98	103.63	103.28	104.58	103.45	103.65	103.7	103.25	103.84	103.42	104.01
2022-07-19	pm 2:10:50	105.32	105.59	105.27	104.93	106.15	105.1	105.2	105.34	104.89	105.46	105.07	105.62
2022-07-19	pm 2:11:00	106.84	107.06	106.79	106.47	107.61	106.63	106.68	106.86	106.43	106.96	106.6	107.11
2022-07-19	pm 2:11:10	108.23	108.42	108.19	107.89	108.94	108.05	108.06	108.26	107.86	108.35	108.01	108.49
2022-07-19	pm 2:11:20	109.53	109.69	109.49	109.21	110.19	109.36	109.36	109.55	109.17	109.64	109.31	109.76
2022-07-19	pm 2:11:30	110.74	110.89	110.7	110.43	111.36	110.58	110.57	110.77	110.39	110.84	110.54	110.96
2022-07-19	pm 2:11:40	111.88	112.02	111.85	111.58	112.46	111.73	111.71	111.9	111.55	111.97	111.68	112.09
2022-07-19	pm 2:11:50	112.96	113.08	112.92	112.67	113.51	112.81	112.79	112.98	112.64	113.04	112.77	113.16
2022-07-19	pm 2:12:00	113.98	114.11	113.96	113.71	114.52	113.85	113.82	114.01	113.68	114.07	113.8	114.18
2022-07-19	pm 2:12:10	114.97	115.09	114.94	114.71	115.49	114.85	114.81	115	114.69	115.05	114.8	115.16
2022-07-19	pm 2:12:20	115.91	116.03	115.89	115.67	116.41	115.8	115.76	115.94	115.64	116	115.75	116.1
2022-07-19	pm 2:12:30	116.82	116.93	116.8	116.58	117.3	116.71	116.68	116.85	116.55	116.9	116.66	117
2022-07-19	pm 2:12:40	117.69	117.8	117.67	117.46	118.16	117.59	117.55	117.72	117.43	117.76	117.54	117.86
2022-07-19	pm 2:12:50	118.53	118.63	118.51	118.31	118.96	118.43	118.39	118.56	118.28	118.59	118.39	118.69
2022-07-19	pm 2:13:00	119.3	119.4	119.28	119.1	119.7	119.21	119.17	119.33	119.07	119.36	119.16	119.44
2022-07-19	pm 2:13:10	119.98	120.07	119.97	119.8	120.33	119.91	119.86	120.01	119.78	120.03	119.85	120.11
2022-07-19	pm 2:13:20	120.58	120.66	120.56	120.41	120.88	120.51	120.46	120.6	120.39	120.61	120.46	120.68
2022-07-19	pm 2:13:30	121.08	121.15	121.07	120.94	121.34	121.03	120.97	121.1	120.92	121.11	120.97	121.16
2022-07-19	pm 2:13:40	121.51	121.58	121.5	121.39	121.75	121.46	121.42	121.54	121.37	121.53	121.41	121.58
2022-07-19	pm 2:13:50	121.88	121.94	121.87	121.78	122.08	121.84	121.8	121.9	121.75	121.9	121.8	121.94
2022-07-19	pm 2:14:00	122.19	122.24	122.19	122.1	122.36	122.16	122.11	122.21	122.08	122.2	122.11	122.24
2022-07-19	pm 2:14:10	122.42	122.48	122.43	122.37	122.53	122.42	122.36	122.46	122.35	122.43	122.37	122.45
2022-07-19	pm 2:14:20	122.53	122.57	122.53	122.5	122.61	122.53	122.49	122.56	122.48	122.52	122.48	122.54
2022-07-19	pm 2:14:30	122.63	122.66	122.63	122.6	122.68	122.62	122.58	122.65	122.58	122.62	122.58	122.62
2022-07-19	pm 2:14:40	122.57	122.59	122.58	122.57	122.6	122.56	122.55	122.58	122.55	122.56	122.54	122.56
2022-07-19	pm 2:14:50	122.51	122.55	122.52	122.55	122.48	122.56	122.5	122.55	122.54	122.49	122.5	122.48
2022-07-19	pm 2:15:00	122.44	122.44	122.44	122.45	122.46	122.44	122.44	122.43	122.43	122.43	122.43	122.42
2022-07-19	pm 2:15:10	122.39	122.41	122.4	122.41	122.39	122.41	122.4	122.41	122.4	122.38	122.38	122.37
2022-07-19	pm 2:15:20	122.37	122.36	122.36	122.36	122.41	122.34	122.37	122.35	122.34	122.36	122.35	122.37
2022-07-19	pm 2:15:30	122.3	122.3	122.3	122.31	122.31	122.31	122.31	122.3	122.3	122.29	122.29	122.28
2022-07-19	pm 2:15:40	122.33	122.36	122.34	122.35	122.32	122.35	122.34	122.37	122.33	122.32	122.32	122.31
2022-07-19	pm 2:15:50	122.32	122.35	122.33	122.34	122.32	122.34	122.33	122.36	122.32	122.31	122.31	122.31
2022-07-19	pm 2:16:00	122.33	122.37	122.33	122.35	122.31	122.35	122.34	122.38	122.33	122.32	122.32	122.31
2022-07-19	pm 2:16:10	122.3	122.31	122.3	122.32	122.3	122.33	122.31	122.33	122.31	122.29	122.29	122.28
2022-07-19	pm 2:16:20	122.3	122.29	122.29	122.28	122.38	122.25	122.31	122.29	122.25	122.3	122.28	122.31
2022-07-19	pm 2:16:30	122.37	122.4	122.37	122.37	122.39	122.37	122.38	122.4	122.35	122.36	122.36	122.36
2022-07-19	pm 2:16:40	122.38	122.4	122.38	122.38	122.42	122.39	122.4	122.4	122.37	122.38	122.37	122.38
2022-07-19	pm 2:16:50	122.38	122.41	122.38	122.39	122.38	122.38	122.39	122.41	122.38	122.37	122.37	122.37
2022-07-19	pm 2:17:00	122.4	122.41	122.4	122.42	122.42	122.43	122.41	122.43	122.41	122.39	122.39	122.39
2022-07-19	pm 2:17:10	122.46	122.46	122.45	122.43	122.53	122.42	122.47	122.46	122.42	122.46	122.44	122.47
2022-07-19	pm 2:17:20	122.49	122.51	122.49	122.48	122.51	122.48	122.5	122.5	122.46	122.49	122.47	122.48
2022-07-19	pm 2:17:30	122.41	122.41	122.41	122.43	122.42	122.42	122.43	122.42	122.43	122.4	122.41	122.4
2022-07-19	pm 2:17:40	122.44	122.45	122.44	122.45	122.47	122.46	122.46	122.46	122.45	122.44	122.44	122.44
2022-07-19	pm 2:17:50	122.45	122.47	122.45	122.47	122.48	122.47	122.47	122.48	122.46	122.45	122.45	122.45
2022-07-19	pm 2:18:00	122.45	122.47	122.46	122.48	122.44	122.48	122.47	122.48	122.48	122.45	122.45	122.44
2022-07-19	pm 2:18:10	122.47	122.48	122.47	122.47	122.51	122.47	122.48	122.49	122.46	122.47	122.46	122.47
2022-07-19	pm 2:18:20	122.48	122.49	122.48	122.48	122.51	122.46	122.49	122.49	122.46	122.48	122.47	122.47
2022-07-19	pm 2:18:30	122.52	122.54	122.52	122.51	122.56	122.5	122.53	122.54	122.49	122.52	122.51	122.52
2022-07-19	pm 2:18:40	122.5	122.52	122.5	122.52	122.5	122.53	122.51	122.54	122.52	122.49	122.5	122.48
2022-07-19	pm 2:18:50	122.51	122.51	122.51	122.5	122.55	122.49	122.52	122.51	122.49	122.51	122.5	122.51
2022-07-19	pm 2:19:00	122.51	122.5	122.5	122.5	122.58	122.47	122.53	122.5	122.48	122.52	122.5	122.52
2022-07-19	pm 2:19:10	122.53	122.55	122.53	122.54	122.54	122.54	122.54	122.56	122.54	122.53	122.53	122.52
2022-07-19	pm 2:19:20	122.49	122.52	122.5	122.53	122.46	122.52	122.51	122.53	122.52	122.48	122.49	122.46
2022-07-19	pm 2:19:30	122.49	122.52	122.49	122.52	122.47	122.52	122.5	122.54	122.51	122.48	122.49	122.47
2022-07-19	pm 2:19:40	122.47	122.5	122.48	122.51	122.45	122.51	122.49	122.52	122.5	122.46	122.47	122.45
2022-07-19	pm 2:19:50	122.49	122.52	122.49	122.51	122.46	122.51	122.5	122.53	122.5	122.48	122.49	122.47
2022-07-19	pm 2:20:00	122.48	122.51	122.48	122.5	122.47	122.51	122.5	122.53	122.5	122.48	122.48	122.47
2022-07-19	pm 2:20:10	122.47	122.48	122.47	122.48	122.49	122.47	122.49	122.49	122.47	122.47	122.47	122.47
2022-07-19	pm 2:20:20	122.46	122.47	122.46	122.47	122.49	122.46	122.48	122.48	122.46	122.46	122.46	122.46
2022-07-19	pm 2:20:30	122.47	122.5	122.47	122.5	122.44	122.5	122.48	122.52	122.49	122.46	122.47	122.45
2022-07-19	pm 2:20:40	122.49	122.52	122.49	122.51	122.48	122.51	122.5	122.53	122.5	122.48	122.48	122.47
2022-07-19	pm 2:20:50	122.51	122.53	122.5	122.52	122.53	122.53	122.52	122.54	122.51	122.51	122.5	122.5
2022-07-19	pm 2:21:00	122.5	122.49	122.49	122.49	122.55	122.47	122.51	122.49	122.48	122.5	122.49	122.51
2022-07-19	pm 2:21:10	122.51	122.54	122.51	122.53	122.49	122.53	122.53	122.56	122.53	122.51	122.51	122.5
2022-07-19	pm 2:21:20	122.52	122.52	122.51	122.51	122.56	122.49	122.53	122.52	122.49	122.52	122.51	122.52
2022-07-19	pm 2:21:30	122.47	122.47	122.47	122.49	122.49	122.48	122.49	122.48	122.49	122.47	122.47	122.47
2022-07-19	pm 2:21:40	122.45	122.45	122.45	122.47	122.47	122.47	122.47	122.46	122.47	122.45	122.45	122.44
2022-07-19	pm 2:21:50	122.49	122.52	122.49	122.52	122.49	122.52	122.51	122.54	122.51	122.49	122.49	122.48
2022-07-19	pm 2:22:00	122.49	122.51	122.49	122.51	122.52	122.5	122.51	122.53	122.5	122.49	122.49	122.49
2022-07-19	pm 2:22:10	122.49	122.52	122.49	122.52	122.47	122.52	122.51	122.53	122.52	122.49	122.49	122.47
2022-07-19	pm 2:22:20	122.49	122.52	122.5	122.52	122.48	122.52	122.51	122.54	122.51	122.49	122.49	122.48
2022-07-19	pm 2:22:30	122.49	122.51	122.49	122.52	122.49	122.51	122.51	122.53	122.51	122.48	122.49	122.48
2022-07-19	pm 2:22:40	122.5	122.49	122.49	122.49	122.54	122.47	122.51	122.49	122.47	122.5	122.49	122.5
2022-07-19	pm 2:22:50	122.48	122.5	122.48	122.51	122.49	122.51	122.5	122.52	122.51	122.48	122.48	122.47
2022-07-19	pm 2:23:00	122.47	122.49	122.47	122.5	122.47	122.5	122.49	122.5	122.5	122.47	122.47	122.46
2022-07-19	pm 2:23:10	122.49	122.49	122.49	122.51	122.52	122.51	122.51	122.51	122.5	122.49	122.49	122.49
2022-07-19	pm 2:23:20	122.49	122.49	122.49	122.5	122.52	122.5	122.51	122.5	122.5	122.49	122.49	122.49
2022-07-19	pm 2:23:30	122.51	122.53	122.5	122.53	122.49	122.52	122.52	122.55	122.52	122.5	122.5	122.49
2022-07-19	pm 2:23:40	122.5	122.49	122.49	122.5	122.54	122.49	122.52	122.5	122.5	122.5	122.5	122.5
2022-07-19	pm 2:23:50	122.51	122.51	122.51	122.52	122.56	122.51	122.53	122.52	122.51	122.52	122.51	122.52
2022-07-19	pm 2:24:00	122.55	122.56	122.54	122.55	122.58	122.55	122.56	122.57	122.55	122.55	122.54	122.55
2022-07-19	pm 2:24:10	122.56	122.57	122.55	122.56	122.56	122.56	122.57	122.57	122.56	122.56	122.55	122.55
2022-07-19	pm 2:24:20	122.54	122.57	122.54	122.56	122.52	122.56	122.56	122.57	122.56	122.54	122.54	122.52
2022-07-19	pm 2:24:30	122.54	122.56	122.54	122.56	122.55	122.55	122.56	122.57	122.55	122.54	122.54	122.53
2022-07-19	pm 2:24:40	122.54	122.57	122.54	122.56	122.53	122.56	122.55	122.58	122.55	122.54	122.54	122.52
2022-07-19	pm 2:24:50	122.48	122.48	122.48	122.49	122.53	122.46	122.51	122.48	122.47	122.49	122.49	122.49
2022-07-19	pm 2:25:00	122.47	122.49	122.47	122.51	122.45	122.51	122.49	122.51	122.51	122.47	122.48	122.45
2022-07-19	pm 2:25:10	122.48	122.51	122.49	122.51	122.48	122.51	122.5	122.53	122.5	122.48	122.48	122.48
2022-07-19	pm 2:25:20	122.48	122.47	122.47	122.47	122.54	122.45	122.5	122.48	122.46	122.49	122.48	122.49
2022-07-19	pm 2:25:30	122.5	122.51	122.5	122.51	122.52	122.5	122.52	122.52	122.5	122.51	122.5	122.5
2022-07-19	pm 2:25:40	122.52	122.53	122.51	122.52	122.54	122.5	122.53	122.54	122.5	122.52	122.51	122.51
2022-07-19	pm 2:25:50	122.58	122.6	122.57	122.58	122.6	122.57	122.58	122.61	122.56	122.58	122.57	122.58
2022-07-19	pm 2:26:00	122.6	122.62	122.6	122.61	122.61	122.6	122.61	122.63	122.6	122.6	122.59	122.59
2022-07-19	pm 2:26:10	122.59	122.6	122.58	122.59	122.61	122.57	122.6	122.61	122.57	122.59	122.58	122.58
2022-07-19	pm 2:26:20	122.59	122.61	122.59	122.6	122.62	122.58	122.61	122.62	122.59	122.6	122.59	122.59
2022-07-19	pm 2:26:30	122.62	122.64	122.62	122.64	122.64	122.65	122.64	122.66	122.64	122.63	122.62	122.61
2022-07-19	pm 2:26:40	122.64	122.66	122.64	122.65	122.66	122.64	122.65	122.67	122.64	122.64	122.63	122.63
2022-07-19	pm 2:26:50	122.64	122.68	122.64	122.67	122.62	122.67	122.66	122.69	122.67	122.64	122.64	122.62
2022-07-19	pm 2:27:00	122.66	122.69	122.66	122.68	122.67	122.67	122.68	122.7	122.67	122.66	122.66	122.66
2022-07-19	pm 2:27:10	122.65	122.67	122.65	122.67	122.66	122.66	122.67	122.68	122.66	122.65	122.65	122.64
2022-07-19	pm 2:27:20	122.65	122.67	122.65	122.67	122.65	122.67	122.66	122.68	122.36	122.65	122.65	122.64
2022-07-19	pm 2:27:30	122.67	122.7	122.67	122.69	122.67	122.69	122.68	122.71	123.86	122.67	122.67	122.66
2022-07-19	pm 2:27:40	122.69	122.7	122.69	122.7	122.72	122.69	122.7	122.71	121.7	122.7	122.68	122.69
2022-07-19	pm 2:27:50	122.73	122.73	122.72	122.72	122.77	122.72	122.74	122.74	122.17	122.73	122.72	122.73
2022-07-19	pm 2:28:00	122.76	122.79	122.76	122.78	122.78	122.78	122.78	122.8	121.61	122.77	122.76	122.76
2022-07-19	pm 2:28:10	122.75	122.78	122.75	122.79	122.74	122.79	122.77	122.8	122.78	122.75	122.75	122.74
2022-07-19	pm 2:28:20	122.78	122.8	122.78	122.79	122.8	122.8	122.79	122.82	122.79	122.78	122.78	122.78
2022-07-19	pm 2:28:30	122.8	122.81	122.8	122.8	122.82	122.8	122.81	122.82	122.79	122.8	122.8	122.79
2022-07-19	pm 2:28:40	122.79	122.82	122.79	122.82	122.78	122.82	122.8	122.83	122.81	122.79	122.79	122.78
2022-07-19	pm 2:28:50	122.79	122.8	122.78	122.79	122.79	122.78	122.8	122.81	122.78	122.79	122.78	122.78
2022-07-19	pm 2:29:00	122.74	122.76	122.74	122.76	122.72	122.75	122.75	122.76	122.75	122.73	122.74	122.72
2022-07-19	pm 2:29:10	122.71	122.72	122.71	122.73	122.71	122.71	122.72	122.74	122.71	122.71	122.71	122.7
2022-07-19	pm 2:29:20	122.64	122.64	122.64	122.66	122.65	122.65	122.66	122.65	122.65	122.64	122.64	122.63
2022-07-19	pm 2:29:30	122.72	122.74	122.71	122.72	122.75	122.73	122.73	122.75	122.71	122.72	122.71	122.72
2022-07-19	pm 2:29:40	122.75	122.77	122.75	122.77	122.77	122.77	122.76	122.79	122.76	122.76	122.74	122.75
2022-07-19	pm 2:29:50	122.76	122.77	122.76	122.77	122.79	122.77	122.77	122.78	122.77	122.77	122.75	122.76
2022-07-19	pm 2:30:00	122.81	122.83	122.8	122.81	122.84	122.8	122.82	122.84	122.79	122.81	122.8	122.81
2022-07-19	pm 2:30:10	122.77	122.79	122.77	122.8	122.77	122.79	122.79	122.8	122.79	122.77	122.77	122.76
2022-07-19	pm 2:30:20	122.75	122.77	122.75	122.78	122.75	122.77	122.77	122.79	122.77	122.75	122.75	122.74
2022-07-19	pm 2:30:30	122.77	122.78	122.77	122.79	122.81	122.78	122.79	122.79	122.78	122.78	122.77	122.78
2022-07-19	pm 2:30:40	122.79	122.8	122.79	122.8	122.8	122.79	122.8	122.81	122.78	122.79	122.79	122.78
2022-07-19	pm 2:30:50	122.77	122.77	122.77	122.77	122.8	122.75	122.78	122.77	122.75	122.77	122.76	122.77
2022-07-19	pm 2:31:00	122.81	122.84	122.8	122.82	122.83	122.81	122.82	122.84	122.8	122.81	122.8	122.81
2022-07-19	pm 2:31:10	122.83	122.85	122.83	122.84	122.85	122.83	122.84	122.86	122.83	122.84	122.83	122.83
2022-07-19	pm 2:31:20	122.83	122.86	122.83	122.85	122.83	122.84	122.85	122.87	122.84	122.83	122.83	122.82
2022-07-19	pm 2:31:30	122.8	122.82	122.8	122.82	122.8	122.8	122.81	122.83	122.81	122.79	122.8	122.79
2022-07-19	pm 2:31:40	122.76	122.76	122.75	122.77	122.78	122.76	122.78	122.77	122.77	122.76	122.76	122.75
2022-07-19	pm 2:31:50	122.78	122.8	122.77	122.8	122.76	122.8	122.79	122.81	122.99	122.77	122.77	122.76
2022-07-19	pm 2:32:00	122.81	122.82	122.8	122.81	122.83	122.8	122.82	122.83	122.79	122.81	122.8	122.81
2022-07-19	pm 2:32:10	122.81	122.84	122.81	122.84	122.81	122.84	122.82	122.86	122.83	122.81	122.81	122.8
2022-07-19	pm 2:32:20	122.84	122.87	122.84	122.87	122.83	122.88	122.86	122.89	122.87	122.84	122.84	122.83
2022-07-19	pm 2:32:30	122.84	122.84	122.83	122.84	122.86	122.83	122.85	122.85	122.83	122.84	122.83	122.83
2022-07-19	pm 2:32:40	122.86	122.9	122.86	122.88	122.86	122.88	122.87	122.91	122.87	122.86	122.86	122.85
2022-07-19	pm 2:32:50	122.85	122.87	122.85	122.87	122.84	122.86	122.86	122.88	122.86	122.85	122.85	122.83
2022-07-19	pm 2:33:00	122.85	122.88	122.85	122.87	122.84	122.87	122.86	122.89	122.87	122.84	122.84	122.83
2022-07-19	pm 2:33:10	122.84	122.86	122.83	122.86	122.83	122.84	122.85	122.86	122.84	122.84	122.84	122.83
2022-07-19	pm 2:33:20	122.83	122.84	122.83	122.85	122.85	122.84	122.85	122.85	122.84	122.83	122.83	122.82
2022-07-19	pm 2:33:30	122.81	122.82	122.82	122.84	122.82	122.83	122.83	122.84	122.83	122.81	122.81	122.8
2022-07-19	pm 2:33:40	122.86	122.88	122.85	122.86	122.88	122.85	122.87	122.88	122.84	122.85	122.85	122.85
2022-07-19	pm 2:33:50	122.87	122.88	122.87	122.86	122.89	122.85	122.88	122.88	122.85	122.87	122.86	122.87
2022-07-19	pm 2:34:00	122.88	122.89	122.87	122.88	122.89	122.87	122.88	122.9	122.86	122.88	122.87	122.87
2022-07-19	pm 2:34:10	122.88	122.9	122.88	122.89	122.88	122.88	122.89	122.91	122.88	122.88	122.87	122.87
2022-07-19	pm 2:34:20	122.89	122.89	122.88	122.89	122.9	122.87	122.9	122.9	122.87	122.89	122.88	122.88
2022-07-19	pm 2:34:30	122.87	122.88	122.86	122.88	122.88	122.87	122.88	122.89	122.86	122.87	122.87	122.86
2022-07-19	pm 2:34:40	122.86	122.87	122.85	122.87	122.87	122.85	122.87	122.88	122.85	122.86	122.85	122.85
2022-07-19	pm 2:34:50	122.85	122.87	122.85	122.87	122.84	122.86	122.86	122.89	122.86	122.85	122.84	122.83
2022-07-19	pm 2:35:00	122.85	122.87	122.86	122.87	122.85	122.87	122.87	122.89	122.86	122.85	122.85	122.84
2022-07-19	pm 2:35:10	122.85	122.87	122.85	122.88	122.85	122.88	122.86	122.89	122.87	122.85	122.85	122.84
2022-07-19	pm 2:35:20	122.88	122.9	122.3	122.89	122.9	122.88	122.9	122.91	122.88	122.88	122.88	122.87
2022-07-19	pm 2:35:30	121.87	122.63	122.09	122.79	120.18	122.9	121.97	122.77	122.87	121.79	122.07	121.16
2022-07-19	pm 2:35:40	114.54	118.88	114.48	116.78	113.58	116.36	117.28	114.74	118.7	113.82	116.14	111.95
2022-07-19	pm 2:35:50	109.47	114.14	104.75	109.35	109.84	107.53	113.04	105.21	113.88	104.42	110.41	102.1
2022-07-19	pm 2:36:00	104.73	108.73	95.35	104.22	105.25	101.42	108.58	98.87	108.51	95.72	105.71	93.5
2022-07-19	pm 2:36:10	99.82	104.22	86.42	99.15	101.28	97.27	104.38	94.58	103.27	87.5	101.03	86.46
2022-07-19	pm 2:36:20	95.54	99.89	80.04	95.05	97.78	93.44	100.34	89.07	98.51	81.28	96.76	80.72
2022-07-19	pm 2:36:30	91.64	95.82	74.09	91.91	94.48	89.54	96.54	84.64	94.27	76.89	92.8	77.1
2022-07-19	pm 2:36:40	88.71	94.06	73.4	90.78	96.03	86.57	95.34	73.51	91.45	74	90.01	76.98
2022-07-19	pm 2:36:50	89.66	94.01	74.7	91.59	98.2	86.47	96.11	74.59	90.98	76.9	90.49	79.91
2022-07-19	pm 2:37:00	90.89	93.53	76.6	92.53	98.09	87.05	96.67	76.77	90.79	80.51	91.35	82.97
2022-07-19	pm 2:37:10	92.44	93.56	78.4	93.28	97.3	87.81	96.52	79.18	91.19	82.59	91.94	85.1
2022-07-19	pm 2:37:20	93.34	93.38	79.91	93.54	96.47	88.44	96.34	80.94	91.67	84.27	92.23	86.22
2022-07-19	pm 2:37:30	93.63	93.29	80.58	93.33	95.59	89.08	96.16	83.9	91.86	85.43	92.47	86.68
2022-07-19	pm 2:37:40	93.68	92.87	80.65	93.17	94.96	89.6	95.74	86.35	92	86.24	92.46	86.61
2022-07-19	pm 2:37:50	93.74	92.5	80.87	93.13	94.47	89.92	95.42	88.06	91.97	86.83	92.54	86.79
2022-07-19	pm 2:38:00	93.79	92.13	81.1	93.23	94.04	90.32	95.17	89.31	92.01	87.14	92.67	87.07
2022-07-19	pm 2:38:10	93.94	91.99	81.32	93.28	93.83	90.7	94.99	90.26	92.03	87.73	92.77	87.63
2022-07-19	pm 2:38:20	90.95	91.79	80.44	93.37	91.54	91.02	93.47	89.85	92.11	84.36	91.22	85.46
2022-07-19	pm 2:38:30	83.21	82.82	73.45	86.99	84.34	83.02	85.3	81.29	84.43	77.08	83.53	78.35
2022-07-19	pm 2:38:40	76.79	76.6	68.62	81.86	79.6	76.4	79.87	74.75	77.51	71.13	76.96	73.57
2022-07-19	pm 2:38:50	74.01	72.25	65.5	78.93	76.5	72.09	76.59	70.46	72.26	67.72	72.22	70.57
2022-07-19	pm 2:39:00	69.67	69.03	63.01	75.73	73.83	69.05	73.18	67.06	69.13	63.65	69.05	67.03
2022-07-19	pm 2:39:10	67.3	66.27	61.83	73.58	71.64	66.1	70.93	64.56	66.45	60.89	66.21	65.05
2022-07-19	pm 2:39:20	65.25	63.83	60.97	71.9	69.55	64.29	68.53	62.86	64.77	58.73	64.44	63.18
2022-07-19	pm 2:39:30	63.77	62.41	60.09	69.93	68.04	62.47	66.91	60.79	63.44	57.78	63.46	61.45
2022-07-19	pm 2:39:40	62.98	60.91	59.93	68.68	66.97	61.4	65.82	59.5	62.36	57.32	61.8	60.82
2022-07-19	pm 2:39:50	61.39	60.17	59.94	68.13	66.03	60.51	65.24	58.69	61.3	56.92	60.47	60.33
2022-07-19	pm 2:40:00	59.63	59.76	59.6	67.3	65.44	60.09	64.46	58.42	60.53	56.31	60.13	59.53
2022-07-19	pm 2:40:10	58.87	59.08	59.28	66.34	64.61	59.21	64.23	57.67	59.73	55.52	59.53	59.11
2022-07-19	pm 2:40:20	58.6	58.83	58.86	65.68	64.11	58.46	63.83	56.94	59.18	55.39	59.16	58.64
2022-07-19	pm 2:40:30	58.1	58.31	58.78	65.2	63.39	58.2	62.91	56.6	58.77	55.16	58.44	58.26
2022-07-19	pm 2:40:40	57.67	57.59	58.54	64.6	62.99	58.11	62.2	56.19	58.16	54.32	58.11	57.72
2022-07-19	pm 2:40:50	56.75	57.04	58.12	64.19	62.77	58	61.79	56.39	58.01	53.81	58.44	57.18
2022-07-19	pm 2:41:00	55.96	57.05	57.47	63.45	62.84	57.51	62.02	55.9	57.81	53.25	58.5	56.52
2022-07-19	pm 2:41:10	55.4	57.21	57.39	63.11	62.47	57.14	61.69	55.52	57.21	53.14	58.17	56.54
2022-07-19	pm 2:41:20	54.71	56.34	56.92	62.41	61.92	56.33	60.7	54.58	56.51	52.59	57.38	55.74
2022-07-19	pm 2:41:30	54.6	56.06	56.42	61.7	61.53	55.78	60.14	53.68	55.91	52.25	56.31	55.43
2022-07-19	pm 2:41:40	54.2	55.95	56.43	61.41	61.38	55.56	59.89	53.82	55.52	51.96	56.14	55.24
2022-07-19	pm 2:41:50	53.87	55.77	56.51	61.24	60.88	55.53	59.6	53.43	55.38	51.94	56.16	54.99
2022-07-19	pm 2:42:00	53.72	55.73	56.68	61.59	60.62	55.57	59.47	53.45	57.15	51.76	56.21	54.79
2022-07-19	pm 2:42:10	53.51	55.75	56.55	61.44	60.46	55.58	59.54	53.42	55.22	51.44	56.29	54.41
2022-07-19	pm 2:42:20	52.66	55.78	55.78	60.57	60.23	55.25	59.23	53.02	55.25	51.04	56.3	53.58
2022-07-19	pm 2:42:30	52.26	55.15	54.79	59.79	59.7	54.45	58.53	51.99	54.79	50.25	55.54	52.91
2022-07-19	pm 2:42:40	51.91	54.45	54.65	59.57	59.31	54.12	57.96	51.92	54.22	50.18	55.12	53.11
2022-07-19	pm 2:42:50	51.95	53.93	54.72	59.86	59.3	53.88	57.74	51.39	53.95	49.86	54.99	53.33
2022-07-19	pm 2:43:00	51.96	53.96	54.62	59.81	59.21	53.56	57.65	51.31	53.73	49.58	54.84	53.21
2022-07-19	pm 2:43:10	51.54	53.7	54.08	59.31	58.92	53.08	57.32	50.92	53.56	49.13	54.51	52.54
2022-07-19	pm 2:43:20	51.06	53.58	53.87	58.89	58.65	52.58	57.41	50.64	53.41	49.18	54.17	52.36
2022-07-19	pm 2:43:30	51.11	53.49	53.78	58.88	58.39	52.47	57.36	50.67	53.14	48.93	53.81	52.3
2022-07-19	pm 2:43:40	50.52	53.53	53.22	58.49	58.27	52.34	57.26	50.43	52.99	48.32	53.44	51.43
2022-07-19	pm 2:43:50	50.08	53.14	52.75	57.75	57.82	51.81	57.07	50	52.52	48.14	52.88	51.12
2022-07-19	pm 2:44:00	50.09	53.02	52.34	57.45	57.31	51.46	56.83	49.39	52.04	47.88	52.45	50.76
2022-07-19	pm 2:44:10	49.65	52.97	51.95	56.83	57.18	50.93	56.68	48.99	51.72	47.81	52.1	50.4
2022-07-19	pm 2:44:20	49.21	52.58	51.82	56.69	56.87	51.04	55.96	49.07	51.53	47.52	52.02	50.31
2022-07-19	pm 2:44:30	48.93	52.37	51.38	56.22	56.65	50.32	55.38	48.55	51.02	47.17	51.57	49.85
2022-07-19	pm 2:44:40	48.71	52.08	51.58	56.03	56.46	50.25	55.23	48.43	50.88	47	51.45	49.97
2022-07-19	pm 2:44:50	48.72	51.74	51.41	56.02	56.16	50.17	54.88	48.06	50.75	46.83	51.32	49.54
2022-07-19	pm 2:45:00	48.5	51.68	51.11	55.6	56.02	49.92	54.63	47.86	50.65	46.68	51.52	49.33
2022-07-19	pm 2:45:10	48.34	51.29	50.95	55.52	55.98	49.6	54.38	47.5	50.49	46.17	51.59	49.11
2022-07-19	pm 2:45:20	48.03	51.36	50.71	55.23	55.78	49.29	54.14	47.13	50.49	45.85	51.63	48.88
2022-07-19	pm 2:45:30	47.94	51.19	50.62	55.29	55.16	49.22	54.06	47.23	50.26	45.74	51.53	48.83
2022-07-19	pm 2:45:40	47.73	50.83	50.3	55.04	54.99	49.01	53.62	46.8	50.13	45.65	51.07	48.57
2022-07-19	pm 2:45:50	47.3	50.97	49.98	54.7	55.03	48.63	53.59	46.64	50.11	45.47	50.9	48.37
2022-07-19	pm 2:46:00	46.64	50.88	49.89	54.51	55.05	48.56	53.23	46.73	49.96	45.23	50.76	48.13
2022-07-19	pm 2:46:10	46.14	50.75	49.51	54.09	54.7	48.25	52.91	46.23	49.56	44.8	50.18	47.68
2022-07-19	pm 2:46:20	45.86	50.13	48.96	53.58	54.37	47.75	52.47	45.78	49.24	44.51	49.84	47.27
2022-07-19	pm 2:46:30	45.58	49.74	48.56	53.18	54.21	47.35	52.5	45.52	48.96	44.11	49.61	46.91
2022-07-19	pm 2:46:40	45.38	49.5	48.12	52.68	53.86	47.16	52.3	45.16	48.87	43.78	49.17	46.47
2022-07-19	pm 2:46:50	45.37	49.33	47.51	51.98	53.59	46.74	52.09	44.87	48.41	43.66	48.87	46.16
2022-07-19	pm 2:47:00	45.51	49.07	47.26	51.73	53.39	46.33	51.86	44.55	47.84	43.75	48.73	46.31
2022-07-19	pm 2:47:10	45.33	49.02	47.12	51.61	53.48	46.25	51.87	44.52	47.76	43.63	48.75	46.12
2022-07-19	pm 2:47:20	45.19	49.12	46.98	51.35	53.45	46.03	52.06	44.39	47.75	43.57	48.88	46.11
