Date,Time,1,2,3,4,5,6,7,8,9,10
2022-07-20,am 9:27:00,44.51,43.55,43.18,43.7,43.21,43.5,40.09,43.46,43.57,43.31
2022-07-20,am 9:27:10,44.64,43.59,43.23,43.74,43.3,43.54,42.14,43.51,43.62,43.37
2022-07-20,am 9:27:20,44.81,43.65,43.3,43.8,43.39,43.59,41.74,43.58,43.67,43.44
2022-07-20,am 9:27:30,45.07,43.71,43.39,43.88,43.49,43.66,41.77,43.67,43.72,43.53
2022-07-20,am 9:27:40,45.41,43.81,43.48,43.98,43.59,43.75,50.13,43.78,43.81,43.67
2022-07-20,am 9:27:50,45.86,43.93,43.59,44.07,43.74,43.88,41.27,43.9,43.9,43.85
2022-07-20,am 9:28:00,46.35,44.05,43.7,44.17,43.9,44.02,47.16,44.05,44.02,44.01
2022-07-20,am 9:28:10,46.91,44.17,43.85,44.32,44.05,44.14,39.94,44.2,44.13,44.17
2022-07-20,am 9:28:20,47.44,44.31,44.01,44.48,44.22,44.26,46.05,44.35,44.27,44.34
2022-07-20,am 9:28:30,47.97,44.43,44.14,44.65,44.36,44.4,42.63,44.51,44.43,44.49
2022-07-20,am 9:28:40,48.46,44.59,44.28,44.83,44.56,44.54,43.85,44.68,44.6,44.64
2022-07-20,am 9:28:50,48.99,44.74,44.45,45.02,44.76,44.72,49.41,44.86,44.79,44.82
2022-07-20,am 9:29:00,49.48,44.96,44.63,45.28,44.97,44.93,40.2,45.05,44.97,45.04
2022-07-20,am 9:29:10,49.97,45.2,44.84,45.6,45.2,45.16,47.07,45.29,45.19,45.32
2022-07-20,am 9:29:20,50.46,45.49,45.17,45.96,45.59,45.45,45.49,45.56,45.46,45.78
2022-07-20,am 9:29:30,50.95,45.86,45.64,46.39,46.07,45.86,47.83,45.97,45.79,46.35
2022-07-20,am 9:29:40,51.39,46.25,46.13,46.81,46.6,46.38,49.34,46.52,46.14,46.9
2022-07-20,am 9:29:50,51.81,46.59,46.6,47.23,47.11,46.82,43.95,47.11,46.49,47.4
2022-07-20,am 9:30:00,52.16,46.93,47.08,47.65,47.69,47.28,52.85,47.71,46.88,47.88
2022-07-20,am 9:30:10,51.6,47.31,47.56,48.14,48.2,47.84,48.62,48.25,47.17,48.32
2022-07-20,am 9:30:20,50.43,47.65,48,48.61,48.75,48.28,43.03,48.75,47.45,48.8
2022-07-20,am 9:30:30,49.32,48.07,48.45,49.06,49.23,48.62,47.54,49.26,47.77,49.32
2022-07-20,am 9:30:40,48.43,48.49,48.95,49.44,49.7,48.98,51.97,49.76,48.04,49.76
2022-07-20,am 9:30:50,47.77,48.85,49.45,49.7,50.12,49.37,56.37,50.25,48.3,50.2
2022-07-20,am 9:31:00,47.33,49.23,49.94,49.97,50.56,49.65,49.63,50.69,48.63,50.66
2022-07-20,am 9:31:10,47.04,49.64,50.33,50.33,51.02,50.11,48.22,51.18,48.98,51.1
2022-07-20,am 9:31:20,46.86,50.02,50.75,50.57,51.44,50.46,48.13,51.63,49.35,51.5
2022-07-20,am 9:31:30,46.75,50.39,51.18,50.97,51.88,50.75,56.13,52.07,49.66,51.94
2022-07-20,am 9:31:40,46.69,50.82,51.59,51.32,52.06,51.16,57.83,52.5,49.98,52.23
2022-07-20,am 9:31:50,46.67,50.6,51.26,51.29,51.22,51.17,58.76,52.23,49.98,51.62
2022-07-20,am 9:32:00,46.68,49.5,50.26,50.52,50.07,50.33,58.85,51.07,49.3,50.62
2022-07-20,am 9:32:10,46.71,48.35,49.21,49.6,49.11,49.27,63.95,49.86,48.32,49.71
2022-07-20,am 9:32:20,48.81,47.37,48.35,48.8,48.38,48.41,58.27,48.92,47.48,48.93
2022-07-20,am 9:32:30,54.51,46.68,47.8,48.19,47.9,47.8,57.99,48.24,46.87,48.34
2022-07-20,am 9:32:40,62.1,46.22,47.41,47.77,47.59,47.36,52.28,47.82,46.44,47.95
2022-07-20,am 9:32:50,67.51,45.96,47.17,47.52,47.32,47.07,52.25,47.57,46.16,47.69
2022-07-20,am 9:33:00,72.14,45.81,47.04,47.39,47.16,46.92,48.73,47.4,46.04,47.55
2022-07-20,am 9:33:10,76.36,45.74,46.97,47.34,47.11,46.86,51.63,47.33,46.01,47.51
2022-07-20,am 9:33:20,78.56,45.71,46.94,47.34,47.08,46.84,42.76,47.31,46.05,47.52
2022-07-20,am 9:33:30,81.88,45.72,46.96,47.37,47.06,46.87,50.85,47.33,46.13,47.56
2022-07-20,am 9:33:40,84.29,45.78,47.03,47.42,47.13,46.97,35.26,47.33,46.25,47.64
2022-07-20,am 9:33:50,86.68,45.87,47.1,47.49,47.23,47.02,31.02,47.36,46.37,47.74
2022-07-20,am 9:34:00,88.73,47.33,48.6,48.15,50.46,47.83,44.04,48.41,46.96,50.14
2022-07-20,am 9:34:10,90.34,54.49,55.08,52.97,60.29,53.4,53.03,54.33,52.57,56.77
2022-07-20,am 9:34:20,91.76,62.25,62.62,60.16,65.86,61.02,52.72,61.13,60.41,63.34
2022-07-20,am 9:34:30,90.74,67.9,68.25,66.22,70.24,66.61,65.71,66.87,66.14,68.39
2022-07-20,am 9:34:40,88.07,73.27,72.1,70.78,74.48,72.4,70.67,71.06,72.24,72.57
2022-07-20,am 9:34:50,85.64,77.86,75.68,74.34,78.24,77.73,75.02,76,77.23,76.31
2022-07-20,am 9:35:00,83.75,81.84,78.98,78.08,81.14,80.84,78.69,79.74,80.9,79.77
2022-07-20,am 9:35:10,82.19,85.01,82.01,81.26,83.87,83.71,85.26,81.68,84.23,82.71
2022-07-20,am 9:35:20,80.94,87.69,84.47,83.84,86.11,86.31,81.43,84.78,86.72,85.08
2022-07-20,am 9:35:30,79.86,89.49,86.72,85.78,88.33,88.89,90.12,86.42,88.63,87.08
2022-07-20,am 9:35:40,79.13,90.88,88.76,88,90.13,90.68,89.01,88.43,90.94,89.27
2022-07-20,am 9:35:50,78.69,92.14,90.67,89.84,91.47,92.62,91,90.24,92.39,90.63
2022-07-20,am 9:36:00,78.26,93.56,92.15,91.43,92.12,93.97,92.05,91.7,93.17,91.79
2022-07-20,am 9:36:10,77.98,92.33,92.01,91.87,89.89,94.79,90.41,91.51,92.47,90.71
2022-07-20,am 9:36:20,77.37,89.47,89.45,89.68,86.76,91.32,88.61,88.96,90.06,87.92
2022-07-20,am 9:36:30,74.57,86.58,86.46,86.96,84.85,87.91,88,86.23,87.51,85.46
2022-07-20,am 9:36:40,71.47,84.26,84.36,84.83,82.74,85.28,86.92,84.15,84.88,83.65
2022-07-20,am 9:36:50,68.53,82.53,82.71,83.06,81.69,83.3,81.97,82.57,83.18,82.11
2022-07-20,am 9:37:00,68.55,81.27,81.49,81.85,80.52,81.97,79.43,81.45,81.72,80.96
2022-07-20,am 9:37:10,73,80.24,80.22,80.57,79.36,80.69,84.61,80.18,80.52,79.87
2022-07-20,am 9:37:20,76.63,79.39,79.32,79.51,79.01,79.6,81.46,79.22,79.68,79.14
2022-07-20,am 9:37:30,79.66,78.85,78.88,78.98,78.5,79.02,81.23,78.79,79.09,78.78
2022-07-20,am 9:37:40,82.22,78.32,78.37,78.55,78.05,78.61,80.63,78.33,78.57,78.34
2022-07-20,am 9:37:50,84.33,78.02,77.97,78.11,77.77,78.17,81.51,78.04,78.15,78.01
2022-07-20,am 9:38:00,86.19,77.85,77.65,77.91,76.64,77.97,77.68,77.89,77.94,77.48
2022-07-20,am 9:38:10,87.85,75.14,75.13,76.09,73.27,76.27,73.57,75.51,76.15,74.61
2022-07-20,am 9:38:20,89.37,71.82,72.07,73.02,69.96,73,74.3,72.25,72.99,71.41
2022-07-20,am 9:38:30,90.83,68.75,68.92,69.93,67,69.85,68.74,69.26,69.88,68.42
2022-07-20,am 9:38:40,92.19,66.83,67.83,67.49,69.62,67.14,63.27,66.96,67.27,68.53
2022-07-20,am 9:38:50,93.53,72.31,72.24,70.95,74.77,71.07,71.83,71.94,70.72,73.2
2022-07-20,am 9:39:00,94.81,76.28,76.1,74.96,78.1,75.28,73.26,75.95,74.93,76.84
2022-07-20,am 9:39:10,96.07,79.37,79.26,78.24,80.98,78.5,77.73,79.02,78.21,79.87
2022-07-20,am 9:39:20,97.3,82.03,81.89,81.03,83.29,81.26,81.4,81.69,81.03,82.37
2022-07-20,am 9:39:30,98.47,84.2,84.08,83.34,85.26,83.54,82.95,83.88,83.35,84.47
2022-07-20,am 9:39:40,99.6,86.07,85.98,85.31,87.02,85.47,84.29,85.78,85.31,86.31
2022-07-20,am 9:39:50,100.48,87.76,87.65,87.06,88.59,87.2,85.1,87.49,87.06,87.96
2022-07-20,am 9:40:00,98.23,89.29,89.2,88.65,90.08,88.8,87.96,89.04,88.64,89.45
2022-07-20,am 9:40:10,94.81,90.75,90.65,90.11,91.48,90.26,81.19,90.49,90.12,90.89
2022-07-20,am 9:40:20,91.84,92.11,92.02,91.5,92.82,91.66,97.25,91.92,91.51,92.26
2022-07-20,am 9:40:30,89.28,93.44,93.35,92.86,94.12,92.99,88.12,93.2,92.86,93.58
2022-07-20,am 9:40:40,86.99,94.71,94.62,94.15,95.39,94.29,92.95,94.5,94.16,94.87
2022-07-20,am 9:40:50,84.94,95.96,95.88,95.42,96.62,95.54,94.22,95.77,95.42,96.11
2022-07-20,am 9:41:00,83.14,97.18,97.1,96.65,97.83,96.76,96.65,96.99,96.65,97.33
2022-07-20,am 9:41:10,81.54,98.37,98.29,97.86,99,97.97,97.86,98.18,97.85,98.52
2022-07-20,am 9:41:20,80,99.52,99.44,99.03,100.14,99.12,99.02,99.36,99.02,99.66
2022-07-20,am 9:41:30,75.32,100.63,100.48,100.15,100.7,100.25,100.15,100.46,100.15,100.53
2022-07-20,am 9:41:40,70.08,99.34,98.87,99.73,96.94,99.95,99.83,99.5,99.91,98.14
2022-07-20,am 9:41:50,69.37,95.41,95.39,96.47,93.39,96.35,96.59,95.64,99.38,94.61
2022-07-20,am 9:42:00,75.16,92.24,92.3,93.29,90.61,93.05,93.38,92.49,93.29,91.67
2022-07-20,am 9:42:10,80.7,89.65,89.68,90.59,88.17,90.34,90.66,89.89,90.56,89.15
2022-07-20,am 9:42:20,85.09,87.34,87.34,88.18,85.96,87.98,88.25,87.56,88.16,86.88
2022-07-20,am 9:42:30,88.44,85.31,85.26,86.02,84.01,85.85,86.11,85.52,86.01,84.85
2022-07-20,am 9:42:40,91.02,83.7,83.41,84.1,82.29,84.03,84.22,83.77,84.15,83.05
2022-07-20,am 9:42:50,93.08,82.76,81.81,82.41,80.79,82.39,82.54,82.23,82.59,81.49
2022-07-20,am 9:43:00,94.99,82,80.41,80.94,79.06,80.93,81.06,80.99,81.64,80.01
2022-07-20,am 9:43:10,96.71,80.51,76.18,77.92,72.69,78.08,78.28,79.58,80.81,75.11
2022-07-20,am 9:43:20,98.21,77.47,70.78,72.84,67.32,72.39,73.38,75.98,78.3,69.68
2022-07-20,am 9:43:30,99.56,74.22,68.46,68.4,70.56,67.49,70.15,72.83,74.85,69.24
2022-07-20,am 9:43:40,100.83,74.77,74.06,72.5,77.67,72.44,72.47,74.06,74.03,75.46
2022-07-20,am 9:43:50,101.98,80.1,79.83,78.22,82.96,78.67,77.97,79.68,78.38,81.03
2022-07-20,am 9:44:00,103.1,84.7,84.46,83.11,86.86,83.64,82.91,84.34,83.15,85.37
2022-07-20,am 9:44:10,104.18,88.15,87.95,86.86,89.8,87.35,86.75,87.86,86.91,88.63
2022-07-20,am 9:44:20,105.24,90.8,90.64,89.77,92.07,90.17,89.71,90.56,89.82,91.15
2022-07-20,am 9:44:30,106.26,92.85,92.76,92.04,93.97,92.35,92,92.66,92.05,93.18
2022-07-20,am 9:44:40,107.26,94.74,94.68,94.01,95.81,94.27,93.97,94.57,94,95.07
2022-07-20,am 9:44:50,108.23,96.5,96.44,95.83,97.44,96.07,95.8,96.34,97.26,96.77
2022-07-20,am 9:45:00,109.17,98.03,97.98,97.44,98.87,97.65,97.41,97.89,97.42,98.27
2022-07-20,am 9:45:10,110.1,99.39,99.35,98.85,100.17,99.04,98.84,99.26,98.83,99.62
2022-07-20,am 9:45:20,110.99,100.67,100.63,100.17,101.37,100.35,100.16,100.56,100.16,100.87
2022-07-20,am 9:45:30,111.86,101.83,101.79,101.37,102.49,101.53,101.36,101.72,101.35,102.02
2022-07-20,am 9:45:40,112.69,102.94,102.92,102.5,103.6,102.65,102.49,102.83,102.47,103.14
2022-07-20,am 9:45:50,113.48,104.03,104.01,103.61,104.67,103.75,103.6,103.93,103.57,104.22
2022-07-20,am 9:46:00,114.27,105.09,105.07,104.68,105.7,104.81,104.67,104.99,104.64,105.27
2022-07-20,am 9:46:10,115.05,106.12,106.09,105.71,106.71,105.85,105.71,106.02,105.68,106.29
2022-07-20,am 9:46:20,115.81,107.12,107.1,106.73,107.7,106.85,106.73,107.04,106.7,107.29
2022-07-20,am 9:46:30,116.56,108.1,108.08,107.72,108.66,107.84,107.71,108.02,107.68,108.26
2022-07-20,am 9:46:40,117.28,109.03,109.02,108.67,109.59,108.79,106.85,108.96,108.64,109.21
2022-07-20,am 9:46:50,117.98,109.95,109.94,109.6,110.5,109.72,108.88,109.89,109.57,110.12
2022-07-20,am 9:47:00,118.65,110.85,110.84,110.5,111.38,110.62,108.55,110.79,110.48,111.02
2022-07-20,am 9:47:10,119.28,111.72,111.71,111.38,112.24,111.5,112.06,111.66,111.36,111.89
2022-07-20,am 9:47:20,119.85,112.56,112.55,112.23,113.05,112.35,115.71,112.5,112.21,112.71
2022-07-20,am 9:47:30,120.36,113.36,113.35,113.04,113.84,113.15,114.94,113.31,113.03,113.51
2022-07-20,am 9:47:40,120.81,114.15,114.14,113.84,114.63,113.95,115.34,114.1,113.82,114.31
2022-07-20,am 9:47:50,121.18,114.93,114.93,114.63,115.4,114.73,116.74,114.88,114.61,115.08
2022-07-20,am 9:48:00,121.51,115.7,115.69,115.4,116.17,115.5,114.71,115.65,115.38,115.84
2022-07-20,am 9:48:10,121.79,116.45,116.44,116.16,116.9,116.25,116.13,116.41,116.13,116.59
2022-07-20,am 9:48:20,122.04,117.18,117.17,116.89,117.6,116.99,117.8,117.14,116.87,117.3
2022-07-20,am 9:48:30,122.26,117.87,117.86,117.6,118.29,117.69,119.02,117.83,117.58,117.99
2022-07-20,am 9:48:40,122.43,118.55,118.54,118.28,118.96,118.37,120.4,118.51,118.27,118.66
2022-07-20,am 9:48:50,122.48,119.19,119.18,118.94,119.58,119.02,120.05,119.16,118.92,119.29
2022-07-20,am 9:49:00,122.48,119.77,119.76,119.54,120.11,119.65,121.19,119.75,119.53,119.86
2022-07-20,am 9:49:10,122.48,120.29,120.28,120.08,120.58,120.16,118.62,120.27,120.06,120.37
2022-07-20,am 9:49:20,122.5,120.75,120.74,120.56,121.01,120.63,125.69,120.73,118.29,120.81
2022-07-20,am 9:49:30,122.44,121.14,121.13,120.97,121.36,121.04,123.06,121.13,120.96,121.18
2022-07-20,am 9:49:40,122.39,121.47,121.46,121.32,121.67,121.38,120.37,121.46,120.92,121.51
2022-07-20,am 9:49:50,122.33,121.76,121.75,121.63,121.94,121.68,121.46,121.76,121.62,121.79
2022-07-20,am 9:50:00,122.3,122.02,122,121.9,122.17,121.94,125.03,122.01,121.88,122.04
2022-07-20,am 9:50:10,122.22,122.24,122.23,122.13,122.36,122.24,120.66,122.24,122.12,122.25
2022-07-20,am 9:50:20,122.22,122.42,122.41,122.33,122.52,122.37,122.47,122.43,122.32,122.43
2022-07-20,am 9:50:30,122.19,122.52,122.48,122.47,122.48,122.5,122.44,122.54,122.46,122.46
2022-07-20,am 9:50:40,122.2,122.5,122.49,122.47,122.51,122.48,123.66,122.52,123.65,122.48
2022-07-20,am 9:50:50,122.15,122.51,122.49,122.49,122.49,122.5,124.51,122.53,121.9,122.47
2022-07-20,am 9:51:00,122.12,122.53,122.52,122.51,122.49,122.51,124.22,122.56,122.48,122.49
2022-07-20,am 9:51:10,122.12,122.44,122.44,122.44,122.45,122.44,123.18,122.46,122.42,122.43
2022-07-20,am 9:51:20,122.18,122.39,122.39,122.4,122.39,122.4,122.6,122.42,122.39,122.38
2022-07-20,am 9:51:30,122.14,122.31,122.32,122.32,122.36,122.31,124.72,122.33,122.3,122.33
2022-07-20,am 9:51:40,122.14,122.28,122.29,122.3,122.31,122.31,124.44,122.31,122.29,122.29
2022-07-20,am 9:51:50,122.17,122.26,122.23,122.28,122.2,122.3,125.85,122.3,122.28,122.2
2022-07-20,am 9:52:00,122.2,122.26,122.22,122.25,122.2,122.25,124.69,122.29,122.23,122.21
2022-07-20,am 9:52:10,122.25,122.21,122.19,122.22,122.19,122.24,122.92,122.25,122.22,122.18
2022-07-20,am 9:52:20,122.25,122.19,122.19,122.19,122.23,122.19,120.64,122.22,122.18,122.2
2022-07-20,am 9:52:30,122.23,122.19,122.15,122.2,122.13,122.22,123.61,122.23,122.2,122.14
2022-07-20,am 9:52:40,122.28,122.13,122.11,122.15,122.12,122.17,119.62,122.18,122.15,122.11
2022-07-20,am 9:52:50,122.3,122.17,122.12,122.16,122.12,122.18,124.3,122.21,122.15,122.11
2022-07-20,am 9:53:00,122.31,122.22,122.19,122.19,122.15,122.19,125.11,122.25,122.17,122.17
2022-07-20,am 9:53:10,122.33,122.14,122.13,122.14,122.14,122.13,122.24,122.16,122.13,122.13
2022-07-20,am 9:53:20,122.32,122.17,122.16,122.16,122.12,122.16,121.99,122.2,122.15,122.15
2022-07-20,am 9:53:30,122.31,122.18,122.16,122.17,122.18,122.16,120.41,122.21,122.15,122.17
2022-07-20,am 9:53:40,122.29,122.22,122.2,122.2,122.21,122.19,123.29,122.24,122.18,122.2
2022-07-20,am 9:53:50,122.23,122.29,122.27,122.26,122.23,122.26,123.75,122.31,122.24,122.25
2022-07-20,am 9:54:00,122.26,122.22,122.24,122.22,122.27,122.2,123.49,122.25,122.2,122.25
2022-07-20,am 9:54:10,122.29,122.27,122.24,122.26,122.21,122.27,121.58,122.3,122.26,122.23
2022-07-20,am 9:54:20,122.28,122.31,122.3,122.28,122.26,122.28,123.3,122.33,122.27,122.28
2022-07-20,am 9:54:30,122.3,122.29,122.3,122.29,122.31,122.28,120.98,122.32,122.27,122.3
2022-07-20,am 9:54:40,122.3,122.29,122.3,122.29,122.35,122.28,122.7,122.32,122.27,122.32
2022-07-20,am 9:54:50,122.27,122.33,122.33,122.32,122.32,122.32,123.14,122.36,122.31,122.32
2022-07-20,am 9:55:00,122.31,122.35,122.34,122.34,122.3,122.33,121.98,122.37,122.32,122.32
2022-07-20,am 9:55:10,122.31,122.3,122.31,122.31,122.3,122.29,124.05,122.33,122.29,122.31
2022-07-20,am 9:55:20,122.32,122.26,122.27,122.27,122.31,122.25,122.32,122.29,122.25,122.28
2022-07-20,am 9:55:30,122.29,122.25,122.24,122.28,122.23,122.29,122.09,122.3,122.28,122.23
2022-07-20,am 9:55:40,122.32,122.25,122.26,122.26,122.27,122.26,123.73,122.28,122.25,122.26
2022-07-20,am 9:55:50,122.28,122.31,122.29,122.29,122.3,122.28,122.9,122.34,122.27,122.29
2022-07-20,am 9:56:00,122.29,122.35,122.3,122.34,122.22,122.35,122.45,122.39,122.33,122.27
2022-07-20,am 9:56:10,122.28,122.32,122.31,122.31,122.27,122.3,124.17,122.35,122.29,122.3
2022-07-20,am 9:56:20,122.29,122.29,122.3,122.29,122.3,122.27,123.69,122.31,122.27,122.3
2022-07-20,am 9:56:30,122.32,122.29,122.29,122.29,122.25,122.27,124.18,122.31,122.26,122.27
2022-07-20,am 9:56:40,122.27,122.3,122.3,122.29,122.33,122.28,124.27,122.32,122.58,122.31
2022-07-20,am 9:56:50,122.25,122.28,122.29,122.3,122.35,122.3,128.07,122.31,122.3,122.31
2022-07-20,am 9:57:00,122.28,122.29,122.3,122.31,122.35,122.31,124.25,122.32,122.3,122.32
2022-07-20,am 9:57:10,122.3,122.32,122.3,122.32,122.28,122.31,126.16,122.35,122.31,122.29
2022-07-20,am 9:57:20,122.23,122.35,122.31,122.33,122.32,122.33,129.03,122.37,122.32,122.32
2022-07-20,am 9:57:30,122.31,122.33,122.29,122.35,122.24,122.36,117.5,122.38,122.35,122.27
2022-07-20,am 9:57:40,122.32,122.33,122.29,122.32,122.27,122.32,137.83,122.37,122.31,122.29
2022-07-20,am 9:57:50,122.32,122.32,122.3,122.32,122.23,122.31,128.29,122.35,122.3,122.28
2022-07-20,am 9:58:00,122.31,122.32,122.3,122.3,122.26,122.29,127.47,122.35,122.29,122.29
2022-07-20,am 9:58:10,122.32,122.3,122.32,122.29,122.32,122.28,117.24,122.32,122.27,122.32
2022-07-20,am 9:58:20,122.33,122.31,122.28,122.31,122.24,122.3,118.96,122.34,121.75,122.27
2022-07-20,am 9:58:30,122.34,122.31,122.27,122.31,122.2,122.3,120.61,122.35,121.19,122.24
2022-07-20,am 9:58:40,122.37,122.27,122.28,122.27,122.29,122.26,119.35,122.31,122.52,122.28
2022-07-20,am 9:58:50,122.36,122.26,122.29,122.26,122.32,122.25,116.95,122.29,121.31,122.3
2022-07-20,am 9:59:00,122.32,122.25,122.24,122.27,122.21,122.25,119.39,122.28,121.58,122.23
2022-07-20,am 9:59:10,122.33,122.32,122.31,122.3,122.3,122.29,119.74,122.34,123.09,122.31
2022-07-20,am 9:59:20,122.29,122.27,122.3,122.27,122.37,122.25,120.91,122.29,121.77,122.32
2022-07-20,am 9:59:30,122.3,122.28,122.3,122.3,122.36,122.3,118.5,122.31,122.01,122.32
2022-07-20,am 9:59:40,122.32,122.29,122.31,122.3,122.33,122.3,120.02,122.32,122.17,122.32
2022-07-20,am 9:59:50,122.34,122.29,122.31,122.3,122.34,122.29,119.49,122.32,124.52,122.33
2022-07-20,am 10:00:00,122.35,122.27,122.3,122.29,122.37,122.27,121.42,122.3,122.96,122.33
2022-07-20,am 10:00:10,122.31,122.3,122.32,122.31,122.38,122.31,123.36,122.33,121.68,122.35
2022-07-20,am 10:00:20,122.33,122.32,122.34,122.33,122.41,122.32,119.56,122.35,122.47,122.37
2022-07-20,am 10:00:30,122.33,122.36,122.36,122.37,122.37,122.37,119.73,122.4,123.19,122.36
2022-07-20,am 10:00:40,122.27,122.35,122.32,122.37,122.31,122.38,121.46,122.39,121.44,122.31
2022-07-20,am 10:00:50,122.26,122.34,122.33,122.34,122.33,122.34,120.85,122.37,122.86,122.33
2022-07-20,am 10:01:00,122.28,122.29,122.28,122.32,122.31,122.33,121.66,122.34,122.63,122.29
2022-07-20,am 10:01:10,122.29,122.33,122.3,122.35,122.3,122.36,121.91,122.38,122.82,122.3
2022-07-20,am 10:01:20,122.32,122.36,122.32,122.36,122.31,122.37,124.18,122.41,122.59,122.32
2022-07-20,am 10:01:30,122.31,122.38,122.34,122.37,122.33,122.37,122.42,122.42,121.8,122.34
2022-07-20,am 10:01:40,122.33,122.34,122.36,122.35,122.34,122.33,121.85,122.37,121.88,122.35
2022-07-20,am 10:01:50,122.39,122.31,122.3,122.32,122.34,122.3,121.69,122.33,122.07,122.31
2022-07-20,am 10:02:00,122.37,122.3,122.31,122.32,122.36,122.33,122.7,122.34,122.61,122.33
2022-07-20,am 10:02:10,122.37,122.33,122.32,122.34,122.34,122.34,119.31,122.36,121.99,122.33
2022-07-20,am 10:02:20,122.36,122.3,122.27,122.32,122.25,122.33,122.39,122.34,121.55,122.27
2022-07-20,am 10:02:30,122.36,122.29,122.25,122.3,122.25,122.31,120.38,122.33,121.87,122.25
2022-07-20,am 10:02:40,122.38,122.26,122.27,122.28,122.3,122.28,123.83,122.3,122.15,122.29
2022-07-20,am 10:02:50,122.35,122.29,122.28,122.3,122.32,122.3,123.84,122.33,122.41,122.3
2022-07-20,am 10:03:00,122.34,122.31,122.31,122.32,122.35,122.34,124.65,122.36,121.63,122.32
2022-07-20,am 10:03:10,122.34,122.37,122.33,122.37,122.25,122.39,123.37,122.42,123.68,122.3
2022-07-20,am 10:03:20,122.35,122.35,122.34,122.34,122.3,122.32,122.25,122.38,122.62,122.32
2022-07-20,am 10:03:30,122.36,122.38,122.39,122.37,122.4,122.36,121.34,122.41,122.27,122.4
2022-07-20,am 10:03:40,122.35,122.34,122.36,122.36,122.41,122.36,125.18,122.38,121.23,122.38
2022-07-20,am 10:03:50,122.33,122.36,122.37,122.37,122.39,122.37,121.46,122.39,120.33,122.38
2022-07-20,am 10:04:00,122.33,122.38,122.35,122.39,122.36,122.4,122.46,122.42,122.38,122.36
2022-07-20,am 10:04:10,122.34,122.43,122.38,122.42,122.32,122.43,124.26,122.46,121.71,122.36
2022-07-20,am 10:04:20,122.34,122.36,122.37,122.38,122.4,122.38,122.91,122.41,122.37,122.39
2022-07-20,am 10:04:30,122.35,122.33,122.34,122.36,122.38,122.35,123.18,122.37,122.35,122.35
2022-07-20,am 10:04:40,122.33,122.38,122.35,122.38,122.31,122.37,120.99,122.41,122.36,122.34
2022-07-20,am 10:04:50,122.38,122.36,122.34,122.36,122.34,122.37,121.78,122.39,122.36,122.34
2022-07-20,am 10:05:00,122.39,122.33,122.33,122.34,122.38,122.35,121.17,122.37,122.34,122.36
2022-07-20,am 10:05:10,122.39,122.34,122.35,122.34,122.35,122.34,120.13,122.36,122.33,122.35
2022-07-20,am 10:05:20,122.35,122.33,122.34,122.35,122.38,122.35,122.51,122.37,122.35,122.36
2022-07-20,am 10:05:30,122.33,122.34,122.34,122.36,122.3,122.36,122.49,122.37,122.35,122.33
2022-07-20,am 10:05:40,122.34,122.37,122.34,122.36,122.28,122.35,122.7,122.4,122.34,122.32
2022-07-20,am 10:05:50,122.35,122.36,122.35,122.35,122.32,122.34,122.6,122.39,122.33,122.34
2022-07-20,am 10:06:00,122.33,122.33,122.34,122.34,122.34,122.34,121.82,122.36,122.33,122.34
2022-07-20,am 10:06:10,122.34,122.34,122.34,122.33,122.36,122.33,122.06,122.36,122.32,122.35
2022-07-20,am 10:06:20,122.35,122.33,122.32,122.35,122.36,122.35,122.32,122.37,126.29,122.34
2022-07-20,am 10:06:30,122.37,122.37,122.38,122.36,122.39,122.36,120.25,122.4,122.35,122.39
2022-07-20,am 10:06:40,122.4,122.41,122.4,122.4,122.37,122.4,120.79,122.44,122.39,122.39
2022-07-20,am 10:06:50,122.36,122.35,122.38,122.36,122.4,122.34,121.98,122.37,122.35,122.39
2022-07-20,am 10:07:00,122.34,122.31,122.34,122.34,122.39,122.34,120.16,122.34,122.34,122.36
2022-07-20,am 10:07:10,122.36,122.32,122.32,122.35,122.36,122.35,120.98,122.36,122.34,122.33
2022-07-20,am 10:07:20,122.34,122.36,122.33,122.36,122.35,122.36,119.61,122.39,122.35,122.34
2022-07-20,am 10:07:30,122.35,122.35,122.34,122.36,122.37,122.37,119.2,122.39,122.36,122.35
2022-07-20,am 10:07:40,122.35,122.36,122.39,122.37,122.34,122.38,119.29,122.4,122.37,122.33
2022-07-20,am 10:07:50,122.36,122.38,122.34,122.38,122.33,122.39,119.6,122.42,122.37,122.34
2022-07-20,am 10:08:00,122.36,122.36,122.4,122.37,122.34,122.38,120.53,122.4,122.36,122.35
2022-07-20,am 10:08:10,122.33,122.39,122.38,122.38,122.36,122.37,118.54,122.42,122.36,122.38
2022-07-20,am 10:08:20,122.3,122.4,122.39,122.39,122.41,122.39,118.54,122.43,122.38,122.4
2022-07-20,am 10:08:30,122.36,122.33,122.35,122.36,122.37,122.36,119.75,122.37,122.36,122.36
2022-07-20,am 10:08:40,122.39,122.36,122.35,122.37,122.32,122.35,121.35,122.39,122.35,122.34
2022-07-20,am 10:08:50,122.34,122.39,122.37,122.39,122.34,122.39,118.87,122.43,122.38,122.36
2022-07-20,am 10:09:00,122.34,122.35,122.35,122.35,122.31,122.33,116.84,122.37,122.33,122.33
2022-07-20,am 10:09:10,122.37,122.38,122.35,122.37,122.34,122.37,119.48,122.42,122.36,122.35
2022-07-20,am 10:09:20,122.38,122.39,122.36,122.38,122.31,122.37,120.11,122.42,122.36,122.34
2022-07-20,am 10:09:30,122.37,122.37,122.37,122.36,122.35,122.34,116.48,122.4,122.35,122.37
2022-07-20,am 10:09:40,122.38,122.39,122.36,122.39,122.35,122.38,119.54,122.42,122.37,122.36
2022-07-20,am 10:09:50,122.39,122.32,122.32,122.34,122.36,122.34,117.34,122.36,122.34,122.33
2022-07-20,am 10:10:00,120.64,122.34,122.3,122.35,122.28,122.34,117.53,122.37,122.33,122.3
2022-07-20,am 10:10:10,111.82,122.37,122.36,122.36,122.35,122.34,113.65,122.4,122.33,122.36
2022-07-20,am 10:10:20,102.49,122.35,122.38,122.35,122.44,122.33,117.61,122.38,122.34,122.4
2022-07-20,am 10:10:30,94.58,122.38,122.36,122.39,122.31,122.39,118.71,122.41,122.38,122.34
2022-07-20,am 10:10:40,87.82,122.38,122.35,122.38,122.3,122.37,114.77,122.41,122.37,122.33
2022-07-20,am 10:10:50,82.17,122.37,122.37,122.36,122.35,122.35,118.83,122.4,122.34,122.37
2022-07-20,am 10:11:00,76.92,122.39,122.38,122.39,122.39,122.38,117.81,122.43,122.37,122.39
2022-07-20,am 10:11:10,73.36,122.39,122.37,122.4,122.37,122.41,120.83,122.43,122.39,122.37
2022-07-20,am 10:11:20,74.5,122.42,122.39,122.41,122.35,122.42,116.58,122.45,122.4,122.38
2022-07-20,am 10:11:30,75.71,122.39,122.38,122.39,122.4,122.37,115.62,122.41,122.36,122.39
2022-07-20,am 10:11:40,77.34,122.35,121.38,122.37,118.47,122.38,115.91,122.39,122.37,120.33
2022-07-20,am 10:11:50,79.26,114.96,113.13,116.78,107.62,116.31,117.81,114.93,115.08,111.23
2022-07-20,am 10:12:00,80.87,109.54,103.62,107.63,98.47,106.96,112.67,108.8,112.89,101.94
2022-07-20,am 10:12:10,81.83,104.96,94.98,98.83,91.92,98.76,108.52,104.91,109.47,93.37
2022-07-20,am 10:12:20,82.35,99.64,87.21,90.66,88.69,92.11,100.01,99.78,99.76,85.51
2022-07-20,am 10:12:30,82.92,94.25,80.57,83.13,84.09,86.98,94.84,94.47,94.42,78.31
2022-07-20,am 10:12:40,83.46,89.43,75.41,77.48,78.71,83.96,89.89,89.61,89.56,71.66
2022-07-20,am 10:12:50,84.1,85.08,71.09,73.73,74.53,80.97,84.19,85.13,85.26,68.48
2022-07-20,am 10:13:00,84.85,84.42,70.53,72.79,74.11,80.54,82.22,83.92,83.72,69.46
2022-07-20,am 10:13:10,85.61,85.64,71.16,73.35,75.82,82.87,81.36,84.25,84.9,70.14
2022-07-20,am 10:13:20,86.33,86.59,72.1,74.17,77.63,83.29,83.44,83.07,86.08,70.74
2022-07-20,am 10:13:30,86.96,86.63,73.87,75.17,78.77,82.82,82.76,82.21,86.88,70.98
2022-07-20,am 10:13:40,87.54,86.29,76,75.46,79.73,82.75,81.18,82.93,87.46,71.93
2022-07-20,am 10:13:50,88,85.89,77.38,75.74,80.19,82.7,85.07,83.27,87.58,73.84
2022-07-20,am 10:14:00,88.39,85.77,78.34,76.54,80.42,82.44,86.35,83.18,87.63,74.73
2022-07-20,am 10:14:10,88.77,85.89,79.08,77.41,80.77,82.16,81.67,83.14,87.87,75.42
2022-07-20,am 10:14:20,89.16,86.14,79.8,78.23,81.12,82.11,87.03,83.2,88.22,76.09
2022-07-20,am 10:14:30,89.45,86.47,80.29,78.95,81.46,82.15,84.95,83.4,88.59,76.79
2022-07-20,am 10:14:40,89.66,86.82,80.71,80,81.86,82.32,86.96,83.7,88.99,77.64
2022-07-20,am 10:14:50,89.86,87.26,81.1,81.17,82.15,82.53,81.01,84.13,89.34,78.36
2022-07-20,am 10:15:00,90.08,87.66,81.52,82.2,82.49,82.63,85.58,84.65,89.7,79.05
2022-07-20,am 10:15:10,90.22,87.97,81.88,83.03,82.77,82.81,80.78,85.19,90.04,79.67
2022-07-20,am 10:15:20,90.34,88.42,82.15,83.67,83.02,82.99,82.59,85.7,90.31,80.23
2022-07-20,am 10:15:30,90.48,88.86,82.43,84.15,83.29,83.21,84.74,86.2,90.58,80.83
2022-07-20,am 10:15:40,90.6,89.14,82.69,84.56,83.58,83.51,80.86,86.67,90.81,81.48
2022-07-20,am 10:15:50,90.73,89.42,82.92,84.84,83.82,83.68,90.01,87.12,91,82.77
2022-07-20,am 10:16:00,90.9,89.65,83.1,85.09,84.07,83.91,92.46,87.53,91.17,84.28
2022-07-20,am 10:16:10,91.03,89.82,83.33,85.31,84.36,84.15,89.96,87.89,91.33,85.46
2022-07-20,am 10:16:20,91.16,90.05,83.53,85.44,84.57,84.42,84.72,88.22,91.47,86.32
2022-07-20,am 10:16:30,91.28,90.31,83.7,85.64,84.77,84.66,91.67,88.46,91.65,87.01
2022-07-20,am 10:16:40,91.38,90.51,83.89,85.77,84.98,84.91,93.18,88.7,91.8,87.59
2022-07-20,am 10:16:50,91.48,90.57,84.08,85.9,85.13,85.15,91.57,88.93,91.94,88
2022-07-20,am 10:17:00,91.61,90.66,84.33,86.18,85.3,85.37,101.2,89.12,92.05,88.34
2022-07-20,am 10:17:10,91.72,90.81,84.53,86.54,85.57,85.54,89.07,89.3,92.13,88.58
2022-07-20,am 10:17:20,91.83,90.96,84.71,86.95,85.85,85.77,96.2,89.48,92.21,88.89
2022-07-20,am 10:17:30,91.89,90.98,84.88,87.39,86.22,86.11,96.88,89.61,92.31,89.06
2022-07-20,am 10:17:40,91.93,91.19,85.14,87.82,86.73,86.52,93.79,89.73,92.4,89.2
2022-07-20,am 10:17:50,91.99,91.27,85.44,88.26,87.13,86.98,89.86,89.93,92.47,89.32
2022-07-20,am 10:18:00,92.07,91.36,85.75,88.66,87.48,87.39,96.87,90.11,92.53,89.46
2022-07-20,am 10:18:10,92.14,91.42,86.07,89.03,87.8,87.87,94.03,90.28,92.59,89.54
2022-07-20,am 10:18:20,92.23,91.47,86.43,89.32,88.12,88.22,95.09,90.41,92.61,89.64
2022-07-20,am 10:18:30,92.3,91.53,86.74,89.59,88.35,88.54,92.94,90.5,92.66,89.7
2022-07-20,am 10:18:40,92.38,91.53,86.99,89.8,88.55,88.81,95.83,90.61,92.7,89.77
2022-07-20,am 10:18:50,92.46,91.54,87.21,89.96,88.79,89.02,94,90.73,92.72,89.83
2022-07-20,am 10:19:00,92.53,91.66,87.47,90.13,88.97,89.25,91.4,90.85,92.77,89.85
2022-07-20,am 10:19:10,92.59,91.76,87.71,90.21,89.07,89.45,92.91,90.96,92.81,89.85
2022-07-20,am 10:19:20,92.63,91.79,87.94,90.32,89.29,89.68,91.55,91.04,92.84,89.89
2022-07-20,am 10:19:30,92.68,91.81,88.2,90.39,89.48,89.84,95.56,91.16,92.87,90.06
2022-07-20,am 10:19:40,92.74,91.83,88.4,90.46,89.6,89.97,91.75,91.25,92.9,90.18
2022-07-20,am 10:19:50,92.81,91.94,88.61,90.53,89.78,90.1,97.36,91.35,92.94,90.33
2022-07-20,am 10:20:00,92.83,91.95,88.8,90.63,89.9,90.24,95.99,91.43,92.97,90.43
2022-07-20,am 10:20:10,92.88,91.93,89,90.71,90.03,90.36,93.26,91.52,93,90.48
2022-07-20,am 10:20:20,92.95,91.99,89.16,90.75,90.11,90.52,91.54,91.58,93.04,90.6
2022-07-20,am 10:20:30,93,92.08,89.31,90.77,90.19,90.63,95.39,91.63,93.06,90.66
2022-07-20,am 10:20:40,93.02,92.05,89.44,90.86,90.28,90.76,91.77,91.69,93.09,90.69
2022-07-20,am 10:20:50,93.05,92.11,89.59,90.92,90.39,90.82,92.85,91.75,93.11,90.75
2022-07-20,am 10:21:00,93.12,92.16,89.71,90.98,90.48,90.93,94.24,91.84,93.15,90.77
2022-07-20,am 10:21:10,93.16,92.18,89.81,91.05,90.59,91,96.05,91.92,93.18,90.76
2022-07-20,am 10:21:20,93.15,92.21,89.95,91.1,90.71,91.1,93.53,92,93.2,90.83
2022-07-20,am 10:21:30,93.18,92.19,90.09,91.15,90.77,91.22,91.36,92.09,93.21,90.83
2022-07-20,am 10:21:40,93.23,92.28,90.19,91.18,90.9,91.3,90.44,92.13,93.25,90.78
2022-07-20,am 10:21:50,93.25,92.35,90.27,91.19,90.92,91.37,93.27,92.19,93.31,90.86
2022-07-20,am 10:22:00,93.29,92.4,90.38,91.23,91.02,91.48,92.86,92.27,93.32,90.89
2022-07-20,am 10:22:10,93.36,92.48,90.48,91.29,91.1,91.62,91.59,92.34,93.31,90.96
2022-07-20,am 10:22:20,93.44,92.51,90.55,91.4,91.18,91.7,92.5,92.42,93.33,90.95
2022-07-20,am 10:22:30,93.51,92.49,90.62,91.47,91.25,91.76,93.01,92.49,93.35,91.01
2022-07-20,am 10:22:40,93.53,92.46,90.69,91.53,91.32,91.81,92.49,92.52,93.37,91.07
2022-07-20,am 10:22:50,93.56,92.45,90.79,91.59,91.38,91.83,89.05,92.59,93.42,91.13
2022-07-20,am 10:23:00,93.61,92.48,90.9,91.63,91.48,91.85,93.1,92.64,93.45,91.16
2022-07-20,am 10:23:10,93.63,92.53,90.97,91.68,91.53,91.92,93.8,92.69,93.46,91.25
2022-07-20,am 10:23:20,93.69,92.55,91.04,91.72,91.64,91.99,94.41,92.74,93.49,91.3
2022-07-20,am 10:23:30,93.72,92.62,91.08,91.77,91.7,91.96,91.15,92.79,93.52,91.37
2022-07-20,am 10:23:40,93.76,92.7,91.13,91.81,91.78,92.04,95.28,92.83,93.56,91.37
2022-07-20,am 10:23:50,93.79,92.75,91.17,91.93,91.84,92.12,91.94,92.91,93.57,91.39
2022-07-20,am 10:24:00,93.84,92.8,91.18,92.02,91.91,92.24,90.32,92.98,93.6,91.41
2022-07-20,am 10:24:10,93.89,92.85,91.23,92.1,91.96,92.32,93.42,93.06,93.67,91.48
2022-07-20,am 10:24:20,93.95,92.86,91.28,92.15,91.99,92.44,93.56,93.1,93.69,91.51
2022-07-20,am 10:24:30,93.99,92.91,91.34,92.19,92.1,92.5,99.15,93.12,93.73,91.57
2022-07-20,am 10:24:40,94.04,92.98,91.41,92.24,92.13,92.58,93.61,93.18,93.77,91.63
2022-07-20,am 10:24:50,94.11,92.96,91.5,92.28,92.18,92.64,94.98,93.24,93.8,91.7
2022-07-20,am 10:25:00,94.16,93.07,91.55,92.36,92.24,92.69,95.53,93.31,93.84,91.78
2022-07-20,am 10:25:10,94.18,93.13,91.6,92.42,92.31,92.74,91.56,93.36,93.84,91.81
2022-07-20,am 10:25:20,94.21,93.19,91.66,92.49,92.32,92.77,94.88,93.42,93.88,91.86
2022-07-20,am 10:25:30,94.2,93.26,91.76,92.56,92.41,92.81,96.21,93.49,93.89,91.93
2022-07-20,am 10:25:40,94.24,93.25,91.82,92.61,92.53,92.81,96.18,93.55,93.94,91.93
2022-07-20,am 10:25:50,94.3,93.27,91.9,92.66,92.6,92.89,95.26,93.62,93.97,92
2022-07-20,am 10:26:00,94.34,93.36,91.92,92.72,92.67,92.99,94.42,93.66,94.01,92.02
2022-07-20,am 10:26:10,94.36,93.43,91.97,92.78,92.71,93.03,91.34,93.7,94.04,92.1
2022-07-20,am 10:26:20,94.41,93.53,92.04,92.83,92.76,93.12,92.35,93.76,94.08,92.15
2022-07-20,am 10:26:30,94.48,93.51,92.05,92.88,92.83,93.16,92.54,93.83,94.11,92.22
2022-07-20,am 10:26:40,94.57,93.58,92.12,92.9,92.89,93.17,93.31,93.89,94.14,92.32
2022-07-20,am 10:26:50,94.61,93.68,92.19,92.93,92.96,93.21,95.03,93.98,94.17,92.33
2022-07-20,am 10:27:00,94.62,93.71,92.24,92.97,92.99,93.32,94.87,94.04,94.19,92.37
2022-07-20,am 10:27:10,94.67,93.75,92.38,93.01,93.04,93.38,94.23,94.1,94.24,92.4
2022-07-20,am 10:27:20,94.73,93.78,92.5,93.07,93.12,93.45,95.73,94.17,94.28,92.46
2022-07-20,am 10:27:30,94.79,93.8,92.53,93.13,93.16,93.52,93.88,94.22,94.33,92.49
2022-07-20,am 10:27:40,94.86,93.87,92.58,93.18,93.19,93.59,95.24,94.25,94.37,92.55
2022-07-20,am 10:27:50,94.89,93.85,92.62,93.21,93.23,93.57,92.64,94.31,94.41,92.63
2022-07-20,am 10:28:00,94.94,93.93,92.67,93.27,93.3,93.65,91.83,94.37,94.45,92.7
2022-07-20,am 10:28:10,94.97,94.01,92.71,93.34,93.38,93.71,92.8,94.41,94.49,92.77
2022-07-20,am 10:28:20,95.01,94.06,92.76,93.39,93.47,93.75,92.58,94.46,94.51,92.83
2022-07-20,am 10:28:30,95.03,94.08,92.79,93.44,93.54,93.83,93.55,94.54,94.53,92.88
2022-07-20,am 10:28:40,95.06,94.12,92.88,93.47,93.62,93.9,93.44,94.58,94.57,92.92
2022-07-20,am 10:28:50,95.11,94.21,92.9,93.52,93.68,93.97,93.82,94.66,94.58,92.92
2022-07-20,am 10:29:00,95.15,94.24,92.9,93.55,93.7,93.99,93.76,94.69,94.62,92.98
2022-07-20,am 10:29:10,95.2,94.3,92.94,93.59,93.74,93.98,92.72,94.73,94.66,93.04
2022-07-20,am 10:29:20,95.26,94.36,93.02,93.63,93.77,94.05,95.28,94.75,94.69,93.1
2022-07-20,am 10:29:30,95.33,94.35,93.06,93.68,93.8,94.1,95.94,94.8,94.72,93.1
2022-07-20,am 10:29:40,95.43,94.33,93.09,93.74,93.87,94.15,95.9,94.87,94.75,93.1
2022-07-20,am 10:29:50,95.47,94.37,93.18,93.8,93.97,94.26,97.83,94.91,94.77,93.13
2022-07-20,am 10:30:00,95.5,94.41,93.23,93.86,94.01,94.31,95.98,94.94,94.8,93.15
2022-07-20,am 10:30:10,95.53,94.54,93.32,93.93,94.05,94.32,93.56,94.96,94.84,93.22
2022-07-20,am 10:30:20,95.55,94.61,93.37,94,94.09,94.35,95.32,95.02,94.9,93.28
2022-07-20,am 10:30:30,95.61,94.7,93.44,94.04,94.15,94.41,92.98,95.09,94.94,93.31
2022-07-20,am 10:30:40,95.62,94.78,93.52,94.06,94.22,94.47,91.91,95.13,94.96,93.33
2022-07-20,am 10:30:50,95.68,94.81,93.55,94.11,94.28,94.55,94.74,95.17,94.98,93.37
2022-07-20,am 10:31:00,95.72,94.9,93.55,94.14,94.34,94.55,96.64,95.22,95.03,93.47
2022-07-20,am 10:31:10,95.75,94.92,93.59,94.18,94.35,94.58,95.96,95.29,95.06,93.53
2022-07-20,am 10:31:20,95.82,94.88,93.67,94.25,94.41,94.61,97.35,95.38,95.11,93.6
2022-07-20,am 10:31:30,95.89,94.89,93.74,94.32,94.47,94.65,93.38,95.46,95.16,93.68
2022-07-20,am 10:31:40,95.93,94.93,93.82,94.34,94.56,94.71,97.2,95.51,95.2,93.73
2022-07-20,am 10:31:50,95.97,94.94,93.86,94.39,94.63,94.78,94.99,95.55,95.24,93.73
2022-07-20,am 10:32:00,96.05,95.02,93.88,94.44,94.65,94.8,96.07,95.58,95.28,93.73
2022-07-20,am 10:32:10,96.1,95.09,93.96,94.49,94.75,94.85,96.28,95.63,95.29,93.77
2022-07-20,am 10:32:20,96.17,95.16,94.01,94.51,94.83,94.89,93.16,95.68,95.33,93.83
2022-07-20,am 10:32:30,96.21,95.19,94.07,94.54,94.89,94.99,96.47,95.77,95.37,93.87
2022-07-20,am 10:32:40,96.26,95.18,94.08,94.61,94.95,95.03,98.78,95.82,95.4,93.92
2022-07-20,am 10:32:50,96.24,95.16,94.09,94.67,95.01,95.02,94.33,95.83,95.43,94.01
2022-07-20,am 10:33:00,96.27,95.19,94.17,94.73,95.03,95.04,95.05,95.88,95.45,94.05
2022-07-20,am 10:33:10,96.29,95.23,94.26,94.79,95.07,95.11,96.67,95.92,95.5,94.09
2022-07-20,am 10:33:20,96.34,95.28,94.35,94.83,95.16,95.12,94.78,95.99,95.53,94.14
2022-07-20,am 10:33:30,96.38,95.37,94.37,94.86,95.2,95.2,95.59,96.03,95.54,94.21
2022-07-20,am 10:33:40,96.38,95.4,94.38,94.88,95.28,95.2,95.31,96.06,95.58,94.24
2022-07-20,am 10:33:50,96.37,95.42,94.41,94.89,95.29,95.27,95.87,96.12,95.59,94.3
2022-07-20,am 10:34:00,96.42,95.46,94.41,94.94,95.36,95.32,91.93,96.18,95.62,94.31
2022-07-20,am 10:34:10,96.5,95.45,94.44,95,95.42,95.38,95.74,96.24,95.64,94.33
2022-07-20,am 10:34:20,96.56,95.52,94.44,95.03,95.47,95.44,96.74,96.28,95.68,94.4
2022-07-20,am 10:34:30,96.59,95.61,94.47,95.09,95.51,95.52,94.58,96.35,95.71,94.46
2022-07-20,am 10:34:40,96.63,95.69,94.55,95.16,95.58,95.61,93.91,96.39,95.75,94.51
2022-07-20,am 10:34:50,96.66,95.7,94.63,95.19,95.58,95.63,92.63,96.44,95.79,94.53
2022-07-20,am 10:35:00,96.67,95.73,94.7,95.22,95.63,95.6,96.39,96.49,95.83,94.57
2022-07-20,am 10:35:10,96.74,95.83,94.77,95.25,95.72,95.62,96.76,96.51,95.53,94.6
2022-07-20,am 10:35:20,96.79,95.86,94.81,95.31,95.74,95.69,94.14,96.53,95.9,94.63
2022-07-20,am 10:35:30,96.85,95.84,94.88,95.35,95.78,95.75,97.55,96.58,95.95,94.69
2022-07-20,am 10:35:40,96.93,95.88,94.94,95.39,95.84,95.79,94.63,96.64,95.97,94.66
2022-07-20,am 10:35:50,96.98,95.94,94.97,95.42,95.87,95.8,96.09,96.71,96,94.68
2022-07-20,am 10:36:00,96.97,95.98,95,95.45,95.91,95.89,94.03,96.77,96.07,94.74
2022-07-20,am 10:36:10,96.97,96,95.1,95.52,95.98,95.94,96.01,96.79,96.12,94.79
2022-07-20,am 10:36:20,97.02,96.05,95.12,95.52,96.05,95.98,94.44,96.84,96.15,94.85
2022-07-20,am 10:36:30,97.1,96.13,95.2,95.57,96.11,96.04,96.94,96.89,96.18,94.82
2022-07-20,am 10:36:40,97.13,96.17,95.28,95.63,96.11,96.07,96.04,96.91,96.2,94.9
2022-07-20,am 10:36:50,97.13,96.2,95.28,95.66,96.18,96.12,95.91,96.96,96.22,94.97
2022-07-20,am 10:37:00,97.16,96.22,95.3,95.69,96.22,96.13,99.55,97.01,96.27,95.03
2022-07-20,am 10:37:10,97.19,96.29,95.39,95.74,96.26,96.11,95.69,97.03,96.32,95.15
2022-07-20,am 10:37:20,97.21,96.31,95.49,95.77,96.33,96.17,98.98,97.05,96.37,95.14
2022-07-20,am 10:37:30,97.24,96.37,95.52,95.82,96.35,96.18,94.54,97.08,96.39,95.1
2022-07-20,am 10:37:40,97.28,96.39,95.56,95.88,96.35,96.17,95.59,97.11,96.42,95.09
2022-07-20,am 10:37:50,97.32,96.43,95.64,95.89,96.38,96.22,96.6,97.18,96.45,95.14
2022-07-20,am 10:38:00,97.36,96.46,95.6,95.91,96.4,96.28,95.16,97.24,96.51,95.24
2022-07-20,am 10:38:10,97.41,96.47,95.66,95.94,96.46,96.33,97.4,97.24,96.54,95.26
2022-07-20,am 10:38:20,97.41,96.5,95.76,95.97,96.47,96.34,94.82,97.26,96.57,95.27
2022-07-20,am 10:38:30,97.47,96.58,95.8,96.01,96.48,96.36,99.04,97.31,96.58,95.3
2022-07-20,am 10:38:40,97.48,96.66,95.84,96.03,96.53,96.42,97.82,97.39,96.62,95.34
2022-07-20,am 10:38:50,97.5,96.68,95.9,96.06,96.53,96.47,97.96,97.46,96.64,95.43
2022-07-20,am 10:39:00,97.49,96.67,95.93,96.12,96.59,96.47,96.08,97.47,96.66,95.5
2022-07-20,am 10:39:10,97.51,96.7,95.98,96.16,96.6,96.5,98.69,97.5,96.72,95.55
2022-07-20,am 10:39:20,97.55,96.75,96.05,96.21,96.65,96.56,96.38,97.53,96.78,95.54
2022-07-20,am 10:39:30,97.6,96.8,96.16,96.2,96.67,96.59,95.17,97.6,96.82,95.54
2022-07-20,am 10:39:40,97.62,96.83,96.22,96.25,96.69,96.63,94.75,97.67,96.82,95.66
2022-07-20,am 10:39:50,97.68,96.86,96.25,96.29,96.74,96.69,93.6,97.7,96.85,95.68
2022-07-20,am 10:40:00,97.7,96.84,96.26,96.32,96.82,96.73,99.29,97.77,96.88,95.69
2022-07-20,am 10:40:10,97.71,96.9,96.25,96.34,96.88,96.78,95.12,97.79,96.92,95.72
2022-07-20,am 10:40:20,97.76,96.93,96.28,96.39,96.89,96.85,96.48,97.84,96.96,95.71
2022-07-20,am 10:40:30,97.82,96.96,96.25,96.43,96.94,96.88,97.51,97.87,96.97,95.71
2022-07-20,am 10:40:40,97.89,97.01,96.23,96.45,96.99,96.88,98.39,97.9,97.01,95.71
2022-07-20,am 10:40:50,97.91,97.02,96.26,96.48,96.97,96.92,94.65,97.95,97.07,95.78
2022-07-20,am 10:41:00,97.92,97.08,96.35,96.49,97,96.98,97.87,98,97.08,95.79
2022-07-20,am 10:41:10,97.91,97.11,96.43,96.51,97.05,97.01,95.39,98.04,97.11,95.86
2022-07-20,am 10:41:20,97.92,97.17,96.39,96.57,97.09,97.09,96.97,98.09,97.14,95.89
2022-07-20,am 10:41:30,97.97,97.2,96.38,96.62,97.1,97.13,96.98,98.1,97.16,96
2022-07-20,am 10:41:40,98.01,97.22,96.43,96.66,97.13,97.17,96.67,98.11,97.19,96.11
2022-07-20,am 10:41:50,98.07,97.22,96.47,96.7,97.19,97.18,99.67,98.12,97.2,96.17
2022-07-20,am 10:42:00,98.16,97.26,96.54,96.74,97.19,97.23,95.31,98.14,97.23,96.23
2022-07-20,am 10:42:10,98.18,97.27,96.53,96.74,97.19,97.27,100.29,98.17,97.24,96.21
2022-07-20,am 10:42:20,98.21,97.32,96.52,96.75,97.22,97.29,98.66,98.17,97.28,96.17
2022-07-20,am 10:42:30,98.23,97.35,96.56,96.77,97.27,97.33,97.06,98.18,97.33,96.25
2022-07-20,am 10:42:40,98.23,97.4,96.58,96.78,97.29,97.35,97.7,98.26,97.35,96.31
2022-07-20,am 10:42:50,98.23,97.45,96.66,96.81,97.34,97.38,94.89,98.3,97.35,96.26
2022-07-20,am 10:43:00,98.25,97.46,96.68,96.84,97.43,97.43,95.57,98.32,97.37,96.29
2022-07-20,am 10:43:10,98.25,97.48,96.72,96.87,97.48,97.45,100.41,98.37,97.37,96.36
2022-07-20,am 10:43:20,98.25,97.49,96.79,96.91,97.5,97.5,96.27,98.37,97.42,96.34
2022-07-20,am 10:43:30,98.25,97.51,96.79,96.95,97.51,97.51,97.7,98.41,97.45,96.4
2022-07-20,am 10:43:40,98.26,97.56,96.86,96.97,97.52,97.5,95.5,98.45,97.47,96.4
2022-07-20,am 10:43:50,98.3,97.56,96.89,97.01,97.49,97.51,99.94,98.49,97.53,96.46
2022-07-20,am 10:44:00,98.29,97.59,96.93,97.05,97.48,97.57,95.94,98.52,97.56,96.52
2022-07-20,am 10:44:10,98.32,97.65,96.92,97.06,97.51,97.6,98.88,98.57,97.6,96.54
2022-07-20,am 10:44:20,98.35,97.71,96.91,97.07,97.54,97.59,97.02,98.62,97.62,96.52
2022-07-20,am 10:44:30,98.39,97.74,96.91,97.08,97.6,97.62,97.25,98.64,97.64,96.55
2022-07-20,am 10:44:40,98.44,97.78,96.92,97.07,97.64,97.67,95.56,98.65,97.67,96.62
2022-07-20,am 10:44:50,98.45,97.83,96.96,97.09,97.64,97.72,94.28,98.69,97.68,96.65
2022-07-20,am 10:45:00,98.48,97.83,96.98,97.12,97.65,97.75,97.93,98.7,97.7,96.75
2022-07-20,am 10:45:10,98.52,97.86,96.97,97.15,97.68,97.78,94.32,98.71,97.73,96.83
2022-07-20,am 10:45:20,98.56,97.88,97.01,97.19,97.75,97.8,99.11,98.71,97.76,96.83
2022-07-20,am 10:45:30,98.59,97.89,97.06,97.2,97.8,97.87,99.07,98.75,97.76,96.87
2022-07-20,am 10:45:40,98.56,97.92,97.12,97.24,97.84,97.9,100.19,98.81,97.79,96.85
2022-07-20,am 10:45:50,98.59,97.94,97.12,97.29,97.89,97.89,98.39,98.83,97.81,96.9
2022-07-20,am 10:46:00,98.65,97.95,97.11,97.3,97.94,97.9,98.43,98.87,97.86,96.89
2022-07-20,am 10:46:10,98.65,97.95,97.11,97.29,97.94,97.9,98.85,98.9,97.89,96.91
2022-07-20,am 10:46:20,98.66,97.97,97.14,97.29,97.99,97.91,98.87,98.87,97.93,96.93
